observation_id,common_name,scientific_name,relative_path,observed_on,photo_count,latitude,longitude,user_login,inat_url,image_1,image_2
302855772,African Jacana,Actophilornis africanus,images/Actophilornis_africanus/302855772,2025-07-31 16:18:38,2,-25.362225,31.8938444444,mlody-zgred,https://www.inaturalist.org/observations/302855772,545828697.jpg,545828651.jpg
310411434,African Pied Wagtail,Motacilla aguimp,images/Motacilla_aguimp/310411434,2025-08-29 17:33:53,2,-1.4304616667,29.56358,tnwildbeauty,https://www.inaturalist.org/observations/310411434,560237314.jpg,560237295.jpg
321846987,African Spoonbill,Platalea alba,images/Platalea_alba/321846987,2025-10-18 12:08:24,3,-34.023713826,23.0096123368,eastford,https://www.inaturalist.org/observations/321846987,582119170.jpg,582119443.jpg
292408521,Alaskan Oregon Junco,Junco hyemalis oreganus,images/Junco_hyemalis_oreganus/292408521,2025-06-23 14:29:12,2,49.352803758,-123.1151192649,robin04,https://www.inaturalist.org/observations/292408521,526201473.jpg,526201523.jpg
280025310,Altamira Oriole,Icterus gularis,images/Icterus_gularis/280025310,2025-04-30 17:19:41,2,18.4883827596,-94.9920606986,luis_emmanuel3,https://www.inaturalist.org/observations/280025310,502893884.jpg,502893954.jpg
261337896,Amazon Kingfisher,Chloroceryle amazona,images/Chloroceryle_amazona/261337896,2025-01-30 15:39:00,2,17.0701,-89.4044694444,philippe-rabaute,https://www.inaturalist.org/observations/261337896,469488274.jpg,469488471.jpg
319431269,American Bittern,Botaurus lentiginosus,images/Botaurus_lentiginosus/319431269,2025-09-30 00:00:00,10,21.2694527375,-99.7174323723,ecag,https://www.inaturalist.org/observations/319431269,577417417.jpg,577417555.jpg
305117210,American Flamingo,Phoenicopterus ruber,images/Phoenicopterus_ruber/305117210,2025-07-31 16:01:00,4,-1.2340166667,-90.3926466667,thomasabenson,https://www.inaturalist.org/observations/305117210,550105320.jpg,550105287.jpg
267846566,American Golden-Plover,Pluvialis dominica,images/Pluvialis_dominica/267846566,2025-03-29 11:28:00,2,33.7317451925,-96.7773388523,leasw2,https://www.inaturalist.org/observations/267846566,481391219.jpg,481391224.jpg
276883538,American Great Gray Owl,Strix nebulosa nebulosa,images/Strix_nebulosa/276883538,2025-04-29 14:36:15,3,46.4915377957,-116.3200431966,tyler_barron,https://www.inaturalist.org/observations/276883538,497195196.jpg,497195241.jpg
303600221,American Pygmy Kingfisher,Chloroceryle aenea,images/Chloroceryle_aenea/303600221,2025-07-31 13:25:19,2,20.8547973631,-90.3905410764,luanawoca,https://www.inaturalist.org/observations/303600221,547225510.jpg,547225541.jpg
302672321,American Three-toed Woodpecker,Picoides dorsalis,images/Picoides_dorsalis/302672321,2025-07-31 12:37:34,2,55.1099996683,-118.7589095905,leprechaunpalooza,https://www.inaturalist.org/observations/302672321,545489893.jpg,545489836.jpg
294200241,Aplomado Falcon,Falco femoralis,images/Falco_femoralis/294200241,2025-06-28 10:23:31,5,-32.341532722,-71.4543948,gbrl_nativa,https://www.inaturalist.org/observations/294200241,529525599.jpg,529525571.jpg
198388629,Arctic Tern,Sterna paradisaea,images/Sterna_paradisaea/198388629,2024-01-29 19:53:00,2,-67.6034,62.8738,rgclayt,https://www.inaturalist.org/observations/198388629,349657021.jpg,349658101.jpg
256422563,Atlantic Puffin,Fratercula arctica,images/Fratercula_arctica/256422563,2024-12-27 14:44:56,4,49.6061904918,-57.9570474596,alexws,https://www.inaturalist.org/observations/256422563,459747663.jpg,459747671.jpg
278645483,Audubon's Warbler,Setophaga coronata auduboni,images/Setophaga_coronata_auduboni/278645483,2025-04-30 18:32:47,3,38.545817518,-106.9253205881,vanenriq07,https://www.inaturalist.org/observations/278645483,500335524.jpg,500335939.jpg
263317061,Australasian Darter,Anhinga novaehollandiae,images/Anhinga_novaehollandiae/263317061,2025-02-28 07:57:51,2,-27.4735916667,153.031225,gary685,https://www.inaturalist.org/observations/263317061,473023312.jpg,473023244.jpg
302573505,Australasian Gannet,Morus serrator,images/Morus_serrator/302573505,2025-07-30 15:59:50,5,-26.3765010834,153.1160125733,pars,https://www.inaturalist.org/observations/302573505,545310410.jpg,545581554.jpg
310411471,Australasian Swamphen,Porphyrio melanotus,images/Porphyrio_melanotus/310411471,2025-08-31 16:57:46,2,-37.6836117721,145.5321835354,danieldohle,https://www.inaturalist.org/observations/310411471,560237496.jpg,560237563.jpg
310432507,Australian Brushturkey,Alectura lathami,images/Alectura_lathami/310432507,2025-08-31 15:07:12,3,-16.6659751325,145.3275464103,soggyboots,https://www.inaturalist.org/observations/310432507,560275484.jpg,560275513.jpg
263334514,Australian King Parrot,Alisterus scapularis,images/Alisterus_scapularis/263334514,2025-02-28 10:50:27,3,-37.4763176692,144.3108673043,kynaturalistfeller,https://www.inaturalist.org/observations/263334514,473056532.jpg,473056511.jpg
263264046,Australian Little Penguin,Eudyptula minor novaehollandiae,images/Eudyptula_minor/263264046,2025-02-27 19:34:09,2,-38.5180430197,145.1201241463,mats1414,https://www.inaturalist.org/observations/263264046,472921264.jpg,472921248.jpg
315154992,Australian Pelican,Pelecanus conspicillatus,images/Pelecanus_conspicillatus/315154992,2025-01-31 17:51:00,2,-38.182155,144.5545966667,glebglub,https://www.inaturalist.org/observations/315154992,569294125.jpg,569294135.jpg
296363433,Baird's Sandpiper,Calidris bairdii,images/Calidris_bairdii/296363433,2025-06-30 20:40:00,4,69.5724768357,-138.9077049728,mayawade,https://www.inaturalist.org/observations/296363433,533629985.jpg,533629973.jpg
316536852,Bananaquit,Coereba flaveola,images/Coereba_flaveola/316536852,2025-07-30 19:37:00,2,5.0930088017,-52.767682338,clemarrou,https://www.inaturalist.org/observations/316536852,571841853.jpg,571841837.jpg
322249646,Bare-throated Tiger-Heron,Tigrisoma mexicanum,images/Tigrisoma_mexicanum/322249646,2025-10-21 05:54:37,5,10.5653021287,-83.5148501024,emilyinge,https://www.inaturalist.org/observations/322249646,582922468.jpg,582922216.jpg
267999942,Barnacle Goose,Branta leucopsis,images/Branta_leucopsis/267999942,2025-03-31 17:57:00,4,40.5806310709,-79.7762011781,cigazze,https://www.inaturalist.org/observations/267999942,481679326.jpg,481679322.jpg
318131896,Barred Antshrike,Thamnophilus doliatus,images/Thamnophilus_doliatus/318131896,2025-09-30 16:57:53,3,8.1109729891,-80.9441884607,wendybicho,https://www.inaturalist.org/observations/318131896,574935097.jpg,574935118.jpg
322346029,Bateleur,Terathopius ecaudatus,images/Terathopius_ecaudatus/322346029,2025-08-31 07:21:00,2,-1.5385412174,35.1644653216,tomheijnen,https://www.inaturalist.org/observations/322346029,583108740.jpg,583108693.jpg
256717377,Bell's Sparrow,Artemisiospiza belli,images/Artemisiospiza_belli/256717377,2024-12-28 11:33:00,3,33.96,-117.2997222222,bewickwren,https://www.inaturalist.org/observations/256717377,460348089.jpg,460348050.jpg
277022561,Berylline Hummingbird,Saucerottia beryllina,images/Amazilia_beryllina/277022561,2025-03-31 13:53:00,2,19.4337881554,-99.2135375406,panecillo,https://www.inaturalist.org/observations/277022561,497427900.jpg,497427920.jpg
310606125,Black Swan,Cygnus atratus,images/Cygnus_atratus/310606125,2025-08-31 12:30:52,4,53.9097590613,-1.6936978542,purm,https://www.inaturalist.org/observations/310606125,560599876.jpg,560599985.jpg
277076367,Black-backed Oriole,Icterus abeillei,images/Icterus_abeillei/277076367,2025-04-30 07:48:00,4,19.5136263446,-98.840158786,mmagdalenagarcia,https://www.inaturalist.org/observations/277076367,497518169.jpg,497518220.jpg
320098423,Black-backed Woodpecker,Picoides arcticus,images/Picoides_arcticus/320098423,2025-09-30 15:34:22,4,43.7405089,-121.9801736997,heisenburglary,https://www.inaturalist.org/observations/320098423,578704658.jpg,578704411.jpg
313978433,Black-cheeked Woodpecker,Melanerpes pucherani,images/Melanerpes_pucherani/313978433,2025-08-30 05:26:00,2,0.1449159,-79.1412988,frozeninmn,https://www.inaturalist.org/observations/313978433,567049893.jpg,567049821.jpg
295839849,Black-chinned Sparrow,Spizella atrogularis,images/Spizella_atrogularis/295839849,2025-06-26 13:57:00,4,32.8868320375,-116.4619461894,alexisandwyatt,https://www.inaturalist.org/observations/295839849,532584914.jpg,532587927.jpg
315118872,Black-collared Hawk,Busarellus nigricollis,images/Busarellus_nigricollis/315118872,2025-06-25 14:12:00,7,-22.2621983633,-44.5068288351,brunoluka,https://www.inaturalist.org/observations/315118872,569220386.jpg,569220391.jpg
311169047,Black-footed Albatross,Phoebastria nigripes,images/Phoebastria_nigripes/311169047,2025-08-31 15:46:20,4,36.7471738039,-122.4231856316,heisenburglary,https://www.inaturalist.org/observations/311169047,561693353.jpg,561693422.jpg
267903766,Black-headed Gull,Chroicocephalus ridibundus,images/Chroicocephalus_ridibundus/267903766,2025-03-31 19:00:00,2,59.8348545675,30.2118998742,annagrib,https://www.inaturalist.org/observations/267903766,481499358.jpg,481500169.jpg
253788975,Black-headed Saltator,Saltator atriceps,images/Saltator_atriceps/253788975,2024-11-30 11:45:23,2,15.9015489965,-96.418834962,horebtrujillo,https://www.inaturalist.org/observations/253788975,454488261.jpg,454488215.jpg
311061301,Black-headed Trogon,Trogon melanocephalus,images/Trogon_melanocephalus/311061301,2025-08-31 09:32:00,2,21.2227080017,-86.8322268873,fam_marin_flores,https://www.inaturalist.org/observations/311061301,561471689.jpg,561474584.jpg
311068528,Black-throated Magpie-Jay,Cyanocorax colliei,images/Calocitta_colliei/311068528,2025-08-30 16:15:43,2,20.7247769997,-103.2872423,gael_aguilera_,https://www.inaturalist.org/observations/311068528,561501514.jpg,561501554.jpg
286103903,Black-throated Sparrow,Amphispiza bilineata,images/Amphispiza_bilineata/286103903,2025-05-31 07:18:00,2,34.234585,-112.10717,mjplagens,https://www.inaturalist.org/observations/286103903,514300834.jpg,514300500.jpg
268318930,Black-vented Oriole,Icterus wagleri,images/Icterus_wagleri/268318930,2025-03-31 18:44:00,4,20.1353069871,-98.8184026588,crisclat,https://www.inaturalist.org/observations/268318930,482279876.jpg,482279921.jpg
294832598,Blacksmith Lapwing,Vanellus armatus,images/Vanellus_armatus/294832598,2025-06-30 16:40:54,2,-33.5377039722,25.8517119722,danwhittle,https://www.inaturalist.org/observations/294832598,530719912.jpg,530719969.jpg
261763708,Blue Bunting,Cyanocompsa parellina,images/Cyanocompsa_parellina/261763708,2025-01-31 13:29:25,4,18.5178521284,-89.4684567558,reximiliano,https://www.inaturalist.org/observations/261763708,470335898.jpg,470335870.jpg
322198680,Blue Duck,Hymenolaimus malacorhynchos,images/Hymenolaimus_malacorhynchos/322198680,2025-10-20 21:34:34,3,-38.2922190806,177.3844879456,mitchbearman,https://www.inaturalist.org/observations/322198680,582821902.jpg,582821899.jpg
276613250,Blue Rock-Thrush,Monticola solitarius,images/Monticola_solitarius/276613250,2025-04-29 17:31:52,5,20.7931883333,106.997575,ozthebard,https://www.inaturalist.org/observations/276613250,496727498.jpg,496727618.jpg
299207033,Blue-black Grassquit,Volatinia jacarina,images/Volatinia_jacarina/299207033,2025-06-30 10:02:45,4,4.9195336202,-74.58542232,timelikeangela,https://www.inaturalist.org/observations/299207033,539038607.jpg,539038702.jpg
253994605,Blue-gray Tanager,Thraupis episcopus,images/Thraupis_episcopus/253994605,2024-11-30 17:08:32,5,17.3592333333,-93.6118083333,flexii_666,https://www.inaturalist.org/observations/253994605,454865225.jpg,454865216.jpg
256840345,Blue-throated Mountain-gem,Lampornis clemenciae,images/Lampornis_clemenciae/256840345,2024-12-27 11:13:00,4,20.7333333,-104.8275,cuihenggang,https://www.inaturalist.org/observations/256840345,460596038.jpg,460596091.jpg
253681020,Bluethroat,Luscinia svecica,images/Luscinia_svecica/253681020,2024-11-30 12:59:00,2,38.8458543992,-8.9733309877,pcaseirito,https://www.inaturalist.org/observations/253681020,454273364.jpg,454273363.jpg
305371942,Brahminy Kite,Haliastur indus,images/Haliastur_indus/305371942,2025-05-31 16:50:00,3,-12.46701582,130.8408514199,sowadart,https://www.inaturalist.org/observations/305371942,550587341.jpg,550587335.jpg
277058462,Brambling,Fringilla montifringilla,images/Fringilla_montifringilla/277058462,2025-04-30 14:39:00,6,57.1241637049,65.624962002,elenalevkina,https://www.inaturalist.org/observations/277058462,497473388.jpg,497473348.jpg
290566015,Brown-crested Flycatcher,Myiarchus tyrannulus,images/Myiarchus_tyrannulus/290566015,2025-05-31 12:04:00,2,22.3822119599,-97.9025820882,francosale24,https://www.inaturalist.org/observations/290566015,522723825.jpg,522723816.jpg
260412644,Buff-bellied Hummingbird,Amazilia yucatanensis,images/Amazilia_yucatanensis/260412644,2025-01-31 18:40:25,2,26.2643166667,-98.3082666667,liam_malloy,https://www.inaturalist.org/observations/260412644,467656439.jpg,467656457.jpg
265069347,Buff-breasted Flycatcher,Empidonax fulvifrons,images/Empidonax_fulvifrons/265069347,2025-01-26 08:50:53,2,19.4102632809,-99.1988661513,brenda_ledesma,https://www.inaturalist.org/observations/265069347,476057896.jpg,476056425.jpg
305435325,Buff-breasted Sandpiper,Calidris subruficollis,images/Calidris_subruficollis/305435325,2025-07-27 15:54:00,2,32.6361433056,-96.6277216667,scarletskylight,https://www.inaturalist.org/observations/305435325,550699064.jpg,550699137.jpg
254176090,Cactus Wren,Campylorhynchus brunneicapillus,images/Troglodytes_troglodytes/254176090,2024-11-30 19:15:00,8,33.2259445708,-116.4544966978,j-stauffer,https://www.inaturalist.org/observations/254176090,455217955.jpg,455217928.jpg
256697207,California Brown Pelican,Pelecanus occidentalis californicus,images/Pelecanus_occidentalis_californicus/256697207,2024-12-29 11:43:33,4,36.551941376,-121.9302921742,nicolelimesand,https://www.inaturalist.org/observations/256697207,460306580.jpg,460306556.jpg
317682817,California Condor,Gymnogyps californianus,images/Gymnogyps_californianus/317682817,2025-09-27 13:22:00,3,34.904278,-119.377045,bbunny,https://www.inaturalist.org/observations/317682817,574077774.jpg,574077782.jpg
317835821,Cape Gull,Larus dominicanus vetula,images/Larus_dominicanus/317835821,2025-09-30 07:58:00,2,-34.0557263889,22.2364213889,shauns,https://www.inaturalist.org/observations/317835821,574361190.jpg,574361165.jpg
295020672,Cayenne Southern Lapwing,Vanellus chilensis cayennensis,images/Vanellus_vanellus/295020672,2025-06-30 17:41:00,3,8.9612052477,-79.5340631802,kingmush,https://www.inaturalist.org/observations/295020672,531060157.jpg,531060185.jpg
263408279,Cerulean Warbler,Setophaga cerulea,images/Setophaga_cerulea/263408279,2025-02-28 08:50:26,4,-0.7054914,-77.7563074,edison79,https://www.inaturalist.org/observations/263408279,473201286.jpg,473201321.jpg
317694784,Chukar,Alectoris chukar,images/Alectoris_chukar/317694784,2025-09-29 21:00:00,2,35.0713864519,-106.4972199127,a-lamp-shade,https://www.inaturalist.org/observations/317694784,574101563.jpg,574101589.jpg
253471331,Cinnamon Hummingbird,Amazilia rutila,images/Amazilia_rutila/253471331,2024-11-28 10:36:19,4,20.6629133333,-105.216575,lucaspadilla_28,https://www.inaturalist.org/observations/253471331,453958898.jpg,453957692.jpg
263443971,Citreoline Trogon,Trogon citreolus,images/Trogon_citreolus/263443971,2025-02-28 17:48:29,2,15.7604687101,-96.1346307769,d315,https://www.inaturalist.org/observations/263443971,473272586.jpg,473272599.jpg
317889602,Clapper Rail,Rallus crepitans,images/Rallus_crepitans/317889602,2025-09-30 08:45:00,3,27.8273189996,-97.0798687744,colorblindbirder,https://www.inaturalist.org/observations/317889602,574414567.jpg,574414587.jpg
264478844,Clay-colored Thrush,Turdus grayi,images/Turdus_grayi/264478844,2025-02-28 09:49:00,7,20.2440957293,-97.8942204877,nachotorres,https://www.inaturalist.org/observations/264478844,474913428.jpg,474913453.jpg
285872793,Coal Tit,Periparus ater,images/Periparus_ater/285872793,2025-05-31 13:01:00,3,50.6739461946,-3.8270366714,chagford_westcott,https://www.inaturalist.org/observations/285872793,513871200.jpg,513871014.jpg
267848609,Cocoi Heron,Ardea cocoi,images/Ardea_cocoi/267848609,2025-03-30 18:18:30,4,-34.3864,-57.8822444444,rafatosi,https://www.inaturalist.org/observations/267848609,481396648.jpg,481396698.jpg
285805826,Collared Aracari,Pteroglossus torquatus,images/Pteroglossus_torquatus/285805826,2025-05-31 17:38:49,4,18.408275,-93.2040472222,didier25190,https://www.inaturalist.org/observations/285805826,513776408.jpg,513776443.jpg
279229039,Collared Kingfisher,Todiramphus chloris,images/Todiramphus_chloris/279229039,2025-04-30 17:45:00,2,7.3518021794,134.4430243703,hsincandy,https://www.inaturalist.org/observations/279229039,501402377.jpg,501402436.jpg
318106360,Collared Trogon,Trogon collaris,images/Trogon_collaris/318106360,2025-10-01 07:21:51,3,-0.0157888889,-78.6805666667,shuyi_yu,https://www.inaturalist.org/observations/318106360,574883577.jpg,574928192.jpg
309855906,Common Black Hawk,Buteogallus anthracinus,images/Buteogallus_anthracinus/309855906,2025-08-28 23:48:29,5,9.6542366667,-82.7555266667,abbymasquelier,https://www.inaturalist.org/observations/309855906,559185362.jpg,559185364.jpg
263275874,Common Bulbul,Pycnonotus barbatus,images/Pycnonotus_barbatus/263275874,2025-02-27 15:08:42,4,36.3554738542,6.5697027059,karimhaddad,https://www.inaturalist.org/observations/263275874,472944039.jpg,472944052.jpg
256901186,Common Chaffinch,Fringilla coelebs,images/Fringilla_coelebs/256901186,2024-12-31 17:04:55,3,40.00069328,-8.1145176698,melster,https://www.inaturalist.org/observations/256901186,460718647.jpg,460718630.jpg
268433677,Common Chiffchaff,Phylloscopus collybita,images/Phylloscopus_collybita/268433677,2025-03-31 18:16:00,2,41.3678083333,2.1575805556,sbrnmnndz,https://www.inaturalist.org/observations/268433677,482506125.jpg,482506102.jpg
318353514,Common Greenshank,Tringa nebularia,images/Tringa_nebularia/318353514,2025-09-30 15:47:00,4,50.7180547,-3.0650894,tmurray74,https://www.inaturalist.org/observations/318353514,575360730.jpg,575360387.jpg
301611131,Common Gull,Larus canus,images/Larus_canus/301611131,2025-05-31 20:21:00,2,68.2038234775,14.234129004,samu4051,https://www.inaturalist.org/observations/301611131,543403774.jpg,543403715.jpg
317612412,Common Hamerkop,Scopus umbretta umbretta,images/Scopus_umbretta/317612412,2025-09-29 09:56:25,2,-18.9680179492,34.3212311791,mufudzicjunior,https://www.inaturalist.org/observations/317612412,573939914.jpg,573939955.jpg
303920759,Common Hoopoe,Upupa epops,images/Upupa_epops/303920759,2025-02-28 14:32:00,2,30.4963202132,-8.8627332645,loeildelynx,https://www.inaturalist.org/observations/303920759,547835180.jpg,547835109.jpg
322576000,Common Kingfisher,Alcedo atthis,images/Alcedo_atthis/322576000,2025-10-23 16:16:00,2,3.7252279706,98.661989253,indrakusuma_a,https://www.inaturalist.org/observations/322576000,583575964.jpg,583576445.jpg
260177323,Common Myna,Acridotheres tristis,images/Acridotheres_tristis/260177323,2025-01-31 13:29:31,2,25.6566340772,-80.4165717959,missclarita,https://www.inaturalist.org/observations/260177323,467186972.jpg,467186953.jpg
294203267,Common Pauraque,Nyctidromus albicollis,images/Nyctidromus_albicollis/294203267,2025-06-30 18:47:51,2,10.4313138889,-84.0041416667,milenaant,https://www.inaturalist.org/observations/294203267,529531915.jpg,529531883.jpg
254329755,Common Pochard,Aythya ferina,images/Aythya_ferina/254329755,2024-11-30 17:05:00,2,48.1581587989,11.5022008305,andreaadelfio,https://www.inaturalist.org/observations/254329755,455528699.jpg,455528707.jpg
322265235,Common Poorwill,Phalaenoptilus nuttallii,images/Phalaenoptilus_nuttallii/322265235,2025-10-21 10:28:17,3,33.7144611111,-116.2151583333,kingmchris,https://www.inaturalist.org/observations/322265235,583155870.jpg,583155834.jpg
267945536,Common Redshank,Tringa totanus,images/Tringa_totanus/267945536,2025-03-31 18:31:07,2,55.8677352092,8.2201589271,exploringdane,https://www.inaturalist.org/observations/267945536,481576368.jpg,481576329.jpg
284069604,Common Ringed Plover,Charadrius hiaticula,images/Charadrius_hiaticula/284069604,2025-04-30 21:08:00,2,53.1828082156,4.8431911841,axies_the_collector,https://www.inaturalist.org/observations/284069604,510479513.jpg,510478978.jpg
253684763,Common Sandpiper,Actitis hypoleucos,images/Actitis_hypoleucos/253684763,2024-11-30 15:57:22,2,41.1364524255,-8.6632249877,rickss,https://www.inaturalist.org/observations/253684763,454281378.jpg,454281394.jpg
311288082,Common Snipe,Gallinago gallinago,images/Gallinago_gallinago/311288082,2025-08-31 16:34:00,3,48.3905112249,10.169413305,juliannanz,https://www.inaturalist.org/observations/311288082,561920012.jpg,561919905.jpg
267926150,Common Waxbill,Estrilda astrild,images/Estrilda_astrild/267926150,2025-03-31 06:53:46,3,19.7219939753,-155.0723608322,kelly-welly,https://www.inaturalist.org/observations/267926150,481540166.jpg,481540184.jpg
319588054,Common Whitethroat,Curruca communis,images/Sylvia_communis/319588054,2025-10-07 13:16:44,3,37.0357129811,-8.9540716633,gustavo_marino,https://www.inaturalist.org/observations/319588054,577719301.jpg,577719261.jpg
285708151,Common Wood-Pigeon,Columba palumbus,images/Columba_palumbus/285708151,2025-05-31 19:27:49,2,50.8213195789,0.1783769578,oakleafe,https://www.inaturalist.org/observations/285708151,513553630.jpg,513553721.jpg
293814021,Corn Bunting,Emberiza calandra,images/Emberiza_calandra/293814021,2025-06-29 17:54:08,2,52.5017824,14.5750448,jana682,https://www.inaturalist.org/observations/293814021,528798636.jpg,528798691.jpg
256937392,Crested Guan,Penelope purpurascens,images/Penelope_purpurascens/256937392,2024-12-31 14:15:00,2,9.8180768055,-83.7281775847,dylancamachoguzman10,https://www.inaturalist.org/observations/256937392,460794568.jpg,460794594.jpg
288847647,Crested Lark,Galerida cristata,images/Galerida_cristata/288847647,2025-05-31 21:48:00,3,41.0104339093,-5.7017380308,miguelart,https://www.inaturalist.org/observations/288847647,519479629.jpg,519479624.jpg
260142536,Crested Pigeon,Ocyphaps lophotes,images/Ocyphaps_lophotes/260142536,2025-01-31 17:46:38,3,-32.1511943841,115.9403705969,bluejay11,https://www.inaturalist.org/observations/260142536,467118661.jpg,467118624.jpg
303049609,Crimson Rosella,Platycercus elegans,images/Platycercus_elegans/303049609,2025-06-30 17:06:00,7,-37.8899051878,145.3778546119,zacky_n,https://www.inaturalist.org/observations/303049609,546192649.jpg,546192754.jpg
304691496,Curlew Sandpiper,Calidris ferruginea,images/Calidris_ferruginea/304691496,2025-04-30 07:28:05,3,11.9325074065,75.4324075207,kunikimu,https://www.inaturalist.org/observations/304691496,549306365.jpg,549306350.jpg
260185901,Domestic Chicken,Gallus gallus domesticus,images/Gallus_gallus/260185901,2025-01-31 15:10:32,2,24.5604883333,-81.80545,jacqueline_latona,https://www.inaturalist.org/observations/260185901,467202837.jpg,467202912.jpg
294225932,Domestic Greylag Goose,Anser anser domesticus,images/Anser_anser/294225932,2025-06-30 18:08:55,2,27.5693669722,-105.423169,miguel_angel38628,https://www.inaturalist.org/observations/294225932,529577545.jpg,529577459.jpg
310888994,Domestic Mallard,Anas platyrhynchos domesticus,images/Anas_platyrhynchos_domesticus/310888994,2025-08-31 19:09:44,3,38.8258055556,-104.8019222222,alexg8953,https://www.inaturalist.org/observations/310888994,561143446.jpg,561143413.jpg
263439913,Domestic Muscovy Duck,Cairina moschata domestica,images/Cairina_moschata/263439913,2025-02-28 20:08:30,2,29.6303642834,-82.3752519503,k_goris,https://www.inaturalist.org/observations/263439913,473264817.jpg,473264802.jpg
310534302,Domestic Swan Goose,Anser cygnoides domesticus,images/Anser_cygnoides_domesticus/310534302,2025-08-31 11:49:33,2,45.0287445,-73.93702,amberstjames,https://www.inaturalist.org/observations/310534302,560464130.jpg,560464391.jpg
277182997,Downy Woodpecker,Dryobates pubescens,images/Picoides_pubescens/277182997,2025-04-30 18:03:04,3,36.2511762929,-95.8456204222,bongo170,https://www.inaturalist.org/observations/277182997,497720402.jpg,497720221.jpg
277684277,Dusky Grouse,Dendragapus obscurus,images/Dendragapus_obscurus/277684277,2025-04-30 08:05:00,3,35.7963071,-105.8011674,mchapman,https://www.inaturalist.org/observations/277684277,498600357.jpg,498600343.jpg
322533394,Dusky Moorhen,Gallinula tenebrosa,images/Gallinula_tenebrosa/322533394,2025-10-23 16:41:49,2,-33.9534795467,150.8762259596,fish-enthusiast,https://www.inaturalist.org/observations/322533394,583490724.jpg,583490738.jpg
293509303,Dusky-capped Flycatcher,Myiarchus tuberculifer,images/Myiarchus_tuberculifer/293509303,2025-06-28 08:11:00,3,13.7378739063,-89.2799797898,gonline,https://www.inaturalist.org/observations/293509303,528281506.jpg,528276431.jpg
260220030,Egyptian Goose,Alopochen aegyptiaca,images/Alopochen_aegyptiaca/260220030,2025-01-31 16:19:22,4,33.9063237234,-117.8857456148,jasonwop,https://www.inaturalist.org/observations/260220030,467270554.jpg,467270579.jpg
275206770,Elegant Euphonia,Chlorophonia elegantissima,images/Euphonia_elegantissima/275206770,2025-04-27 07:45:40,2,19.5599528395,-99.1167218238,maggycruzbio,https://www.inaturalist.org/observations/275206770,494577809.jpg,494578039.jpg
262284488,Elegant Trogon,Trogon elegans,images/Trogon_elegans/262284488,2025-02-17 15:40:06,4,32.410005,-111.160321,sarana20,https://www.inaturalist.org/observations/262284488,471401136.jpg,471401172.jpg
261233744,Eurasian Blackbird,Turdus merula,images/Turdus_merula/261233744,2025-01-31 18:33:00,2,40.4183480293,-3.6825800185,eudorjubatus,https://www.inaturalist.org/observations/261233744,469279582.jpg,469279544.jpg
294250686,Eurasian Blackcap,Sylvia atricapilla,images/Sylvia_atricapilla/294250686,2025-06-30 13:37:00,3,54.7083328602,20.5851986594,anatoliy10942,https://www.inaturalist.org/observations/294250686,529624292.jpg,529624279.jpg
263395993,Eurasian Blue Tit,Cyanistes caeruleus,images/Cyanistes_caeruleus/263395993,2025-02-28 17:37:35,3,51.5197249131,7.5205503032,charline_333,https://www.inaturalist.org/observations/263395993,473178239.jpg,473178286.jpg
310553404,Eurasian Coot,Fulica atra,images/Fulica_atra/310553404,2025-08-31 21:42:00,2,52.3979499676,0.2812640501,lim_le_xuan,https://www.inaturalist.org/observations/310553404,560496456.jpg,560496463.jpg
253636612,Eurasian Curlew,Numenius arquata,images/Numenius_arquata/253636612,2024-11-30 12:32:48,3,50.8423556938,-0.9447904469,purm,https://www.inaturalist.org/observations/253636612,454190387.jpg,454190414.jpg
309046502,Eurasian Griffon,Gyps fulvus,images/Gyps_fulvus/309046502,2025-07-31 20:25:00,2,44.756247,34.315097,zaharzaharuch,https://www.inaturalist.org/observations/309046502,557630992.jpg,557630984.jpg
278538169,Eurasian Hobby,Falco subbuteo,images/Falco_subbuteo/278538169,2025-04-30 18:27:00,3,55.5740289481,47.282103018,mariula92,https://www.inaturalist.org/observations/278538169,500137073.jpg,500137107.jpg
294939676,Eurasian Jackdaw,Coloeus monedula,images/Corvus_monedula/294939676,2025-06-30 19:38:18,4,50.0873708655,14.4205514342,mar_ib,https://www.inaturalist.org/observations/294939676,530926850.jpg,530926968.jpg
263663023,Eurasian Jay,Garrulus glandarius,images/Garrulus_glandarius/263663023,2025-02-28 15:54:32,3,45.2700894218,19.8666092008,bs021,https://www.inaturalist.org/observations/263663023,473705134.jpg,473704969.jpg
302688483,Eurasian Nuthatch,Sitta europaea,images/Sitta_europaea/302688483,2025-07-31 21:33:32,2,49.2929249814,15.3138048214,danielbrada,https://www.inaturalist.org/observations/302688483,545512497.jpg,545512476.jpg
322398421,Eurasian Skylark,Alauda arvensis,images/Alauda_arvensis/322398421,2025-10-22 11:48:43,4,51.2995639722,-2.855029,timspot58,https://www.inaturalist.org/observations/322398421,583221999.jpg,583222021.jpg
285692737,Eurasian Sparrowhawk,Accipiter nisus,images/Accipiter_nisus/285692737,2025-05-31 17:15:00,4,44.885317585,8.0578088388,ale98_,https://www.inaturalist.org/observations/285692737,513552652.jpg,513552601.jpg
261670159,Eurasian Tree Sparrow,Passer montanus,images/Passer_montanus/261670159,2025-01-31 15:12:00,3,40.3898629077,-3.6836683302,bochaq,https://www.inaturalist.org/observations/261670159,470148994.jpg,470149002.jpg
267937080,Eurasian × American Green-winged Teal,Anas crecca crecca × carolinensis,images/Anas_crecca_carolinensis/267937080,2025-03-31 09:23:03,6,40.5797518666,-74.0916277443,urbanwoods,https://www.inaturalist.org/observations/267937080,481558894.jpg,481558877.jpg
285670737,European Pied Flycatcher,Ficedula hypoleuca,images/Ficedula_hypoleuca/285670737,2025-05-31 18:39:24,3,59.9853833,17.8579688,nature_yb,https://www.inaturalist.org/observations/285670737,513484147.jpg,513484085.jpg
260183478,European Robin,Erithacus rubecula,images/Erithacus_rubecula/260183478,2025-01-31 16:53:00,2,43.28988799,-1.98615876,gonzalo59998,https://www.inaturalist.org/observations/260183478,467197556.jpg,467197566.jpg
281844972,European Roller,Coracias garrulus,images/Coracias_garrulus/281844972,2025-02-28 06:57:00,2,-24.37428248,31.70660416,gigilaidler,https://www.inaturalist.org/observations/281844972,506202134.jpg,506202122.jpg
294263702,European Serin,Serinus serinus,images/Serinus_serinus/294263702,2025-06-30 18:52:29,2,37.3689352573,-8.8050364601,tanjahwrd77,https://www.inaturalist.org/observations/294263702,529650319.jpg,529650422.jpg
260315529,European Stonechat,Saxicola rubicola,images/Saxicola_rubicola/260315529,2025-01-31 17:03:21,2,40.2442006309,17.9034692422,tarantinofrancesco,https://www.inaturalist.org/observations/260315529,467464890.jpg,467464907.jpg
303043763,Feral Pigeon,Columba livia domestica,images/Columba_livia_domestica/303043763,2025-07-31 18:46:00,2,37.409001,-121.891508,vultur-cadens,https://www.inaturalist.org/observations/303043763,546182053.jpg,546182046.jpg
253962769,Ferruginous Hawk,Buteo regalis,images/Buteo_regalis/253962769,2024-11-30 18:01:00,4,39.3193255899,-112.3998195822,lniels,https://www.inaturalist.org/observations/253962769,454800780.jpg,454800808.jpg
268060760,Ferruginous Pygmy-Owl,Glaucidium brasilianum,images/Glaucidium_brasilianum/268060760,2025-03-31 17:06:00,3,-37.3994538255,-64.6107870115,hugoalbertovalderrey,https://www.inaturalist.org/observations/268060760,481796226.jpg,481796209.jpg
260175565,Fieldfare,Turdus pilaris,images/Turdus_pilaris/260175565,2025-01-31 15:09:00,2,53.2297772856,-2.8858518059,cled,https://www.inaturalist.org/observations/260175565,467183787.jpg,467183738.jpg
265360875,Flame-colored Tanager,Piranga bidentata,images/Piranga_bidentata/265360875,2025-02-22 18:19:21,5,14.4028226187,-89.3646707948,adrianj,https://www.inaturalist.org/observations/265360875,476633151.jpg,476633201.jpg
256944420,Fork-tailed Flycatcher,Tyrannus savana,images/Tyrannus_savana/256944420,2024-12-31 18:06:00,3,-40.7935283333,-63.0415666667,ekucich,https://www.inaturalist.org/observations/256944420,460808239.jpg,460808257.jpg
260188100,Franklin's Grouse,Canachites canadensis franklinii,images/Falcipennis_canadensis/260188100,2025-01-31 11:49:22,8,51.1702926997,-116.1583516,ndubeau,https://www.inaturalist.org/observations/260188100,467207447.jpg,467207394.jpg
263311662,Fulvous Whistling-Duck,Dendrocygna bicolor,images/Dendrocygna_bicolor/263311662,2025-02-27 14:28:30,2,24.8033565,-107.3565305,camacho_hernandez,https://www.inaturalist.org/observations/263311662,473011667.jpg,473011696.jpg
268025413,Gadwall,Mareca strepera,images/Anas_strepera/268025413,2025-03-31 18:07:00,2,44.1148005731,-123.2474229204,deanofhumans,https://www.inaturalist.org/observations/268025413,481730508.jpg,481730500.jpg
256844853,Galah,Eolophus roseicapilla,images/Eolophus_roseicapilla/256844853,2024-12-31 13:01:00,4,-33.8062055556,151.0108027778,heidinginthefungi,https://www.inaturalist.org/observations/256844853,460602896.jpg,460602920.jpg
283053592,Garden Sunbird,Cinnyris jugularis,images/Cinnyris_jugularis/283053592,2025-05-22 11:51:58,3,14.1730397997,121.2554058,angusmaps,https://www.inaturalist.org/observations/283053592,508584414.jpg,508584391.jpg
262707498,Garganey,Spatula querquedula,images/Anas_querquedula/262707498,2025-02-22 13:29:28,4,37.2485131111,-3.7199268346,itgranada,https://www.inaturalist.org/observations/262707498,471803611.jpg,471803654.jpg
253525011,Gartered Trogon,Trogon caligatus,images/Trogon_caligatus/253525011,2024-11-29 11:32:48,3,9.184852046,-79.7202189055,john_michael_arnett,https://www.inaturalist.org/observations/253525011,453964378.jpg,453964340.jpg
253048569,Glaucous Gull,Larus hyperboreus,images/Larus_hyperboreus/253048569,2024-11-23 11:02:00,2,49.7541945,-97.2133079,cam_nikkel,https://www.inaturalist.org/observations/253048569,453029037.jpg,453029038.jpg
312409028,Golden-cheeked Woodpecker,Melanerpes chrysogenys,images/Melanerpes_chrysogenys/312409028,2025-08-31 15:24:17,2,16.8772124,-99.8270115,maritza_rioja,https://www.inaturalist.org/observations/312409028,564047005.jpg,564046993.jpg
286296240,Golden-olive Woodpecker,Colaptes rubiginosus,images/Colaptes_rubiginosus/286296240,2025-05-31 18:01:12,4,-27.8176076075,-65.784117803,mateo330,https://www.inaturalist.org/observations/286296240,514676652.jpg,514676745.jpg
288146691,Grass Wren,Cistothorus platensis,images/Cistothorus_platensis/288146691,2025-05-29 15:39:00,2,19.2917297222,-99.0927297222,alex_nycticorax,https://www.inaturalist.org/observations/288146691,518130422.jpg,518130399.jpg
277253483,Grasshopper Sparrow,Ammodramus savannarum,images/Ammodramus_savannarum/277253483,2025-04-30 13:58:00,3,32.9310243,-117.1668971,cw4phillips,https://www.inaturalist.org/observations/277253483,497846940.jpg,497846985.jpg
319204637,Gray Crowned-Crane,Balearica regulorum,images/Balearica_regulorum/319204637,2025-09-27 17:30:21,2,-2.1359939267,34.3723116193,edelaquis,https://www.inaturalist.org/observations/319204637,576984228.jpg,576984187.jpg
304219171,Gray Hawk,Buteo plagiatus,images/Buteo_plagiatus/304219171,2025-07-31 22:58:00,3,19.9989131546,-97.5863851924,ozielhm,https://www.inaturalist.org/observations/304219171,548392775.jpg,548392036.jpg
190722887,Gray-cheeked Thrush,Catharus minimus,images/Catharus_minimus/190722887,2023-11-11 08:09:00,2,4.6642570543,-74.1171455949,dodo_colombia,https://www.inaturalist.org/observations/190722887,334408493.jpg,334414553.jpg
307465380,Gray-cowled Wood-Rail,Aramides cajaneus,images/Aramides_cajaneus/307465380,2025-07-30 07:14:49,3,-6.5328083333,-76.39512,ramon19,https://www.inaturalist.org/observations/307465380,554591218.jpg,554591206.jpg
286619958,Gray-headed Junco,Junco hyemalis caniceps,images/Junco_hyemalis_caniceps/286619958,2025-05-26 18:24:47,5,40.3425127872,-105.6836388633,sarah_baggett02,https://www.inaturalist.org/observations/286619958,515285794.jpg,515285719.jpg
302270460,Gray-headed Swamphen,Porphyrio poliocephalus,images/Porphyrio_poliocephalus/302270460,2025-07-29 17:42:00,5,8.5221733398,76.899688622,livson,https://www.inaturalist.org/observations/302270460,544746340.jpg,544746375.jpg
263312246,Great Curassow,Crax rubra,images/Crax_rubra/263312246,2025-02-26 17:16:28,2,8.6824632195,-83.37198752,afeather,https://www.inaturalist.org/observations/263312246,473012915.jpg,473012896.jpg
317947728,Great Frigatebird,Fregata minor,images/Fregata_minor/317947728,2025-09-29 11:42:45,2,-24.1109824064,152.7173618227,scribblesii,https://www.inaturalist.org/observations/317947728,574582993.jpg,574583003.jpg
310079221,Great Shearwater,Ardenna gravis,images/Ardenna_gravis/310079221,2025-08-29 09:47:21,3,36.1202876503,-75.5511458963,shearwaters,https://www.inaturalist.org/observations/310079221,559593759.jpg,559593784.jpg
322576117,Great Spotted Woodpecker,Dendrocopos major,images/Dendrocopos_major/322576117,2025-10-23 15:36:30,2,56.7873336997,12.8371733997,majliz,https://www.inaturalist.org/observations/322576117,583576312.jpg,583576324.jpg
256883354,Great Tit,Parus major,images/Parus_major/256883354,2024-12-31 15:13:12,4,45.6530570984,-0.2477777749,cerise525,https://www.inaturalist.org/observations/256883354,460683757.jpg,460683769.jpg
302553150,Great White Heron,Ardea herodias occidentalis,images/Ardea_herodias_occidentalis/302553150,2025-07-30 19:44:00,3,25.44844,-80.349646,almansa,https://www.inaturalist.org/observations/302553150,545270758.jpg,545270793.jpg
263206109,Greater Antillean Grackle,Quiscalus niger,images/Quiscalus_niger/263206109,2025-02-26 18:27:10,2,18.4612625125,-66.082315486,amm1235,https://www.inaturalist.org/observations/263206109,472804751.jpg,472804740.jpg
293926068,Greater Pewee,Contopus pertinax,images/Contopus_pertinax/293926068,2025-06-29 14:47:01,2,31.5107403096,-110.6822115534,srrgr16,https://www.inaturalist.org/observations/293926068,529008267.jpg,529008295.jpg
298712248,Green Honeycreeper,Chlorophanes spiza,images/Chlorophanes_spiza/298712248,2025-06-30 09:52:32,3,4.8234179249,-74.508158344,timelikeangela,https://www.inaturalist.org/observations/298712248,538094174.jpg,538094213.jpg
283378307,Green Jay,Cyanocorax yncas,images/Cyanocorax_yncas/283378307,2025-04-30 14:13:00,5,16.7250544,-93.0936508,lupitaviajera-aves,https://www.inaturalist.org/observations/283378307,510233483.jpg,510233481.jpg
318743991,Green Kingfisher,Chloroceryle americana,images/Chloroceryle_americana/318743991,2025-09-30 10:35:00,3,20.7030825969,-105.2238742693,rune_project,https://www.inaturalist.org/observations/318743991,576103081.jpg,576103056.jpg
312544840,Green Parakeet,Psittacara holochlorus,images/Psittacara_holochlorus/312544840,2025-08-31 07:37:05,20,21.5531632981,-99.1377901076,alvaro_atrogularis,https://www.inaturalist.org/observations/312544840,564311934.jpg,564311761.jpg
307587852,Grey Francolin,Ortygornis pondicerianus,images/Francolinus_pondicerianus/307587852,2025-07-29 14:04:00,3,26.2477,73.0823,paulschrijvershof,https://www.inaturalist.org/observations/307587852,554822534.jpg,554822539.jpg
316295546,Gull-billed Tern,Gelochelidon nilotica,images/Gelochelidon_nilotica/316295546,2024-12-31 04:21:52,2,15.72054,73.7031016667,marnika,https://www.inaturalist.org/observations/316295546,571454386.jpg,571454401.jpg
267640035,Hammond's Flycatcher,Empidonax hammondii,images/Empidonax_hammondii/267640035,2025-03-26 17:26:54,5,33.87107,-118.3205289722,bathethewails,https://www.inaturalist.org/observations/267640035,480997380.jpg,480997421.jpg
302769207,Hawaiian Goose,Branta sandvicensis,images/Branta_sandvicensis/302769207,2025-07-31 16:16:30,3,22.2044046149,-159.4929418751,kmf521,https://www.inaturalist.org/observations/302769207,545662943.jpg,545662940.jpg
285753867,Helmeted Guineafowl,Numida meleagris,images/Numida_meleagris/285753867,2025-05-31 16:09:42,4,36.484755,-97.8729116667,nicole_steiner,https://www.inaturalist.org/observations/285753867,513640437.jpg,513640506.jpg
317885214,Hepatic Tanager,Piranga flava,images/Piranga_flava/317885214,2025-09-30 15:29:49,3,31.9052124195,-109.2424158635,dawnzappone,https://www.inaturalist.org/observations/317885214,574459538.jpg,574460197.jpg
284889499,Hoatzin,Opisthocomus hoazin,images/Opisthocomus_hoazin/284889499,2025-05-28 00:00:00,3,-0.4978100535,-76.7769543082,jose11241,https://www.inaturalist.org/observations/284889499,512034832.jpg,512035095.jpg
254537559,Hooded Crow,Corvus cornix,images/Corvus_cornix/254537559,2024-11-30 15:59:54,2,53.2964953678,-6.1566321038,calax,https://www.inaturalist.org/observations/254537559,455944005.jpg,455944006.jpg
287145814,House Swift,Apus nipalensis,images/Apus_apus/287145814,2025-03-31 18:00:00,2,13.7311648667,100.5536713894,pangolino,https://www.inaturalist.org/observations/287145814,516274994.jpg,516274813.jpg
293926045,Hudsonian Godwit,Limosa haemastica,images/Limosa_haemastica/293926045,2025-06-28 11:04:00,3,30.343283314,-88.1252924286,coopershawk,https://www.inaturalist.org/observations/293926045,529007434.jpg,529007435.jpg
285630681,Iberian Green Woodpecker,Picus sharpei,images/Picus_viridis/285630681,2025-05-31 12:31:06,2,40.42068,-3.7336783333,aledagrosa,https://www.inaturalist.org/observations/285630681,513415034.jpg,513415066.jpg
310675005,Iceland Gull,Larus glaucoides,images/Larus_glaucoides/310675005,2025-08-31 11:29:00,2,69.1218024701,-105.0408767156,clairedut,https://www.inaturalist.org/observations/310675005,560724800.jpg,560724807.jpg
262977404,Indian Peafowl,Pavo cristatus,images/Pavo_cristatus/262977404,2024-12-31 16:03:50,2,33.0472235,-116.88246,lauren_beck,https://www.inaturalist.org/observations/262977404,472346517.jpg,472346539.jpg
322284255,Interior Nelson’s Sparrow,Ammospiza nelsoni nelsoni,images/Ammodramus_nelsoni/322284255,2025-10-21 09:56:43,4,33.9330336982,-78.0906786521,apistopanchax,https://www.inaturalist.org/observations/322284255,582990341.jpg,582990397.jpg
294129018,Italian Sparrow,Passer italiae,images/Passer_italiae/294129018,2025-06-30 19:25:11,2,40.6668208889,16.6099910583,thetreeperson,https://www.inaturalist.org/observations/294129018,529389262.jpg,529389339.jpg
299951628,Ivory-billed Woodcreeper,Xiphorhynchus flavigaster,images/Xiphorhynchus_flavigaster/299951628,2025-07-21 11:28:35,4,17.6769132,-101.620467,javiperezsoza,https://www.inaturalist.org/observations/299951628,540413858.jpg,540413760.jpg
302567715,Kalij Pheasant,Lophura leucomelanos,images/Lophura_leucomelanos/302567715,2025-07-30 17:19:05,2,19.4074283333,-155.2529616667,gustafsonja,https://www.inaturalist.org/observations/302567715,545298725.jpg,545298727.jpg
317907948,Kelp Gull,Larus dominicanus,images/Larus_dominicanus_dominicanus/317907948,2025-08-31 10:02:00,3,-27.4388401898,-48.5210174554,luciano_silveira,https://www.inaturalist.org/observations/317907948,574488935.jpg,574488956.jpg
293781334,Kentucky Warbler,Geothlypis formosa,images/Geothlypis_formosa/293781334,2025-06-29 08:58:41,2,33.3157089722,-88.8494259722,brianwilliams1,https://www.inaturalist.org/observations/293781334,528737372.jpg,528737423.jpg
268348644,Kererū,Hemiphaga novaeseelandiae novaeseelandiae,images/Hemiphaga_novaeseelandiae/268348644,2025-03-31 13:50:00,2,-41.2955694444,174.7484916667,svendhansen,https://www.inaturalist.org/observations/268348644,482349102.jpg,482349107.jpg
257061318,King Vulture,Sarcoramphus papa,images/Sarcoramphus_papa/257061318,2024-12-28 08:42:18,2,10.9433910479,-85.6789783761,danielgarrigues,https://www.inaturalist.org/observations/257061318,461055495.jpg,461055506.jpg
254176290,Ladder-backed Woodpecker,Dryobates scalaris,images/Picoides_scalaris/254176290,2024-11-30 17:33:00,4,33.2577633519,-116.4055703689,j-stauffer,https://www.inaturalist.org/observations/254176290,455218676.jpg,455218681.jpg
310675092,Lapland Longspur,Calcarius lapponicus,images/Calcarius_lapponicus/310675092,2025-08-31 16:11:00,3,69.1192449298,-105.0402559022,clairedut,https://www.inaturalist.org/observations/310675092,560727177.jpg,560727204.jpg
264088561,Laughing Dove,Spilopelia senegalensis,images/Streptopelia_senegalensis/264088561,2025-02-28 18:01:20,3,31.7169666667,35.5851666667,lynn536,https://www.inaturalist.org/observations/264088561,474521146.jpg,474521113.jpg
322604838,Laughing Falcon,Herpetotheres cachinnans,images/Herpetotheres_cachinnans/322604838,2025-10-23 09:12:00,4,9.970457,-84.3712908,charliedoggett,https://www.inaturalist.org/observations/322604838,583631798.jpg,583632303.jpg
256859255,Laughing Kookaburra,Dacelo novaeguineae,images/Dacelo_novaeguineae/256859255,2024-12-31 17:26:57,5,-27.4745366667,152.8519616667,andersonf16,https://www.inaturalist.org/observations/256859255,460634231.jpg,460634258.jpg
279952987,Laysan Albatross,Phoebastria immutabilis,images/Phoebastria_immutabilis/279952987,2025-04-29 00:00:00,3,21.55019942,-158.3427541772,merec0,https://www.inaturalist.org/observations/279952987,502764059.jpg,502762332.jpg
310588579,Least Bittern,Botaurus exilis,images/Ixobrychus_exilis/310588579,2025-08-31 13:16:16,7,43.2163783333,-79.613175,adamlipo,https://www.inaturalist.org/observations/310588579,560567538.jpg,560567575.jpg
267824196,Least Grebe,Tachybaptus dominicus,images/Tachybaptus_dominicus/267824196,2025-03-30 10:32:00,4,20.4271745338,-103.3610206951,reximiliano,https://www.inaturalist.org/observations/267824196,481347586.jpg,481347627.jpg
310965815,Least Tern,Sternula antillarum,images/Sternula_antillarum/310965815,2025-08-31 10:59:00,3,33.7309083333,-96.7740183333,shreyanspatel,https://www.inaturalist.org/observations/310965815,561293376.jpg,561293198.jpg
285750469,Lesser Black-backed Gull,Larus fuscus,images/Larus_fuscus/285750469,2025-05-31 12:50:09,11,43.956912989,-78.1618348724,robin04,https://www.inaturalist.org/observations/285750469,513633444.jpg,513633623.jpg
295248574,Lesser Nighthawk,Chordeiles acutipennis,images/Chordeiles_acutipennis/295248574,2025-05-31 08:10:00,3,19.6587200565,-90.3428504568,giovalencia,https://www.inaturalist.org/observations/295248574,531497357.jpg,531497334.jpg
315303201,Lesser Roadrunner,Geococcyx velox,images/Geococcyx_velox/315303201,2025-09-20 08:59:00,2,21.0958203256,-89.6619492436,ariadna_ibarra_morales,https://www.inaturalist.org/observations/315303201,569572667.jpg,569572674.jpg
268134583,Lesser Yellow-headed Vulture,Cathartes burrovianus,images/Cathartes_burrovianus/268134583,2025-03-31 17:45:00,3,16.822463045,-88.3188731967,christopherburwell,https://www.inaturalist.org/observations/268134583,481932517.jpg,481952861.jpg
320878330,Lesson's Motmot,Momotus lessonii,images/Momotus_lessonii/320878330,2025-09-29 17:10:45,2,9.938817572,-84.0458094701,jorge_insecto,https://www.inaturalist.org/observations/320878330,580229416.jpg,580229385.jpg
309810130,Lilac-breasted Roller,Coracias caudatus,images/Coracias_caudatus/309810130,2025-08-28 17:14:53,4,-17.8442666667,25.0624111667,marzduffy,https://www.inaturalist.org/observations/309810130,559098193.jpg,559098331.jpg
277216081,Limpkin,Aramus guarauna,images/Aramus_guarauna/277216081,2025-04-30 17:34:00,3,33.8678227,-84.225489,pfollowill,https://www.inaturalist.org/observations/277216081,497786181.jpg,497781569.jpg
277179383,Lineated Woodpecker,Dryocopus lineatus,images/Dryocopus_lineatus/277179383,2025-04-30 16:09:28,3,-23.5859592029,-46.6584346443,natalia_dias3,https://www.inaturalist.org/observations/277179383,497714512.jpg,497714438.jpg
252880196,Little Bee-eater,Merops pusillus,images/Merops_pusillus/252880196,2024-11-24 11:47:28,3,15.9193472509,-16.4643608406,dora_exploratrice,https://www.inaturalist.org/observations/252880196,452734068.jpg,453089142.jpg
317823571,Little Grebe,Tachybaptus ruficollis,images/Tachybaptus_ruficollis/317823571,2025-09-30 16:23:28,3,-0.367533192,36.1106749356,shenpeicheng,https://www.inaturalist.org/observations/317823571,574341678.jpg,574341738.jpg
263404744,Little Owl,Athene noctua,images/Athene_noctua/263404744,2025-02-28 16:59:00,2,40.6582614565,-7.8993797034,mariotrindade,https://www.inaturalist.org/observations/263404744,473194132.jpg,473194139.jpg
302558375,Little Pied Cormorant,Microcarbo melanoleucos,images/Microcarbo_melanoleucos/302558375,2025-07-31 12:25:42,2,-37.6141885997,145.0905386,wendy1110,https://www.inaturalist.org/observations/302558375,545281864.jpg,545281889.jpg
309571050,Little Ringed Plover,Thinornis dubius,images/Charadrius_dubius/309571050,2025-07-31 13:53:00,7,43.3464902047,-1.798785663,amatala,https://www.inaturalist.org/observations/309571050,558638821.jpg,558639107.jpg
269412415,Long-billed Dowitcher,Limnodromus scolopaceus,images/Limnodromus_scolopaceus/269412415,2025-03-31 23:49:00,5,12.09128068,-85.9852090832,zacpeterson,https://www.inaturalist.org/observations/269412415,484401686.jpg,484400074.jpg
321016324,Long-billed Thrasher,Toxostoma longirostre,images/Toxostoma_longirostre/321016324,2025-10-14 11:34:00,2,26.1028687213,-97.2984497522,bhurst99,https://www.inaturalist.org/observations/321016324,580491658.jpg,580487572.jpg
307524130,Long-tailed Tit,Aegithalos caudatus,images/Aegithalos_caudatus/307524130,2025-07-31 19:17:00,3,38.709357243,-0.4971742596,m_mr,https://www.inaturalist.org/observations/307524130,554695370.jpg,554695319.jpg
279376416,Lucifer Hummingbird,Calothorax lucifer,images/Calothorax_lucifer/279376416,2025-04-30 08:29:00,3,29.2523437971,-103.2975989325,andrew61891,https://www.inaturalist.org/observations/279376416,501675212.jpg,501675231.jpg
318269623,Madeira Firecrest,Regulus madeirensis,images/Regulus_ignicapilla/318269623,2025-03-31 18:32:32,2,32.7556279889,-16.995937084,cankarayel,https://www.inaturalist.org/observations/318269623,575194492.jpg,575194501.jpg
267994873,Magnificent Frigatebird,Fregata magnificens,images/Fregata_magnificens/267994873,2025-03-31 17:03:06,4,23.4240888889,-109.4303666667,robbyjtay,https://www.inaturalist.org/observations/267994873,481670824.jpg,481670741.jpg
322661321,Magpie-lark,Grallina cyanoleuca,images/Grallina_cyanoleuca/322661321,2025-10-24 10:33:57,2,-30.3411972222,153.087575,a_teitzel,https://www.inaturalist.org/observations/322661321,583744080.jpg,583744111.jpg
259975065,Mainland African Darter,Anhinga rufa rufa,images/Anhinga_rufa/259975065,2025-01-29 18:55:41,3,-34.0910487861,18.4787662806,gabi23,https://www.inaturalist.org/observations/259975065,466784817.jpg,466784842.jpg
279288945,Mainland African Openbill,Anastomus lamelligerus lamelligerus,images/Anastomus_lamelligerus/279288945,2025-02-25 18:21:00,4,-25.11605916,31.9116463001,gigilaidler,https://www.inaturalist.org/observations/279288945,501502492.jpg,501502551.jpg
293591348,Mainland New Zealand Bellbird,Anthornis melanura melanura,images/Anthornis_melanura/293591348,2025-06-29 12:42:58,2,-44.3157315017,169.9461818114,diegocarena1119,https://www.inaturalist.org/observations/293591348,528412001.jpg,528411932.jpg
253558159,Mainland New Zealand Pipit,Anthus novaeseelandiae novaeseelandiae,images/Anthus_novaeseelandiae_novaeseelandiae/253558159,2024-11-25 14:41:00,2,-45.5775833871,170.0873543594,carey_knox_southern_scales,https://www.inaturalist.org/observations/253558159,454029412.jpg,454029421.jpg
257150410,Mandarin Duck,Aix galericulata,images/Aix_galericulata/257150410,2024-12-31 12:45:07,2,47.3841567184,15.0886042044,gamani,https://www.inaturalist.org/observations/257150410,461235937.jpg,461235927.jpg
264937936,Mangrove Cuckoo,Coccyzus minor,images/Coccyzus_minor/264937936,2025-02-28 06:53:00,2,14.4428824679,-60.8766924724,erikamitchell,https://www.inaturalist.org/observations/264937936,475797122.jpg,475797124.jpg
263416987,Mangrove Swallow,Tachycineta albilinea,images/Tachycineta_albilinea/263416987,2025-02-28 14:49:00,3,17.7687295528,-88.5289535493,robin04,https://www.inaturalist.org/observations/263416987,473218867.jpg,473218880.jpg
313247923,Masked Lapwing,Vanellus miles,images/Vanellus_miles/313247923,2025-08-31 15:57:24,3,-34.424730533,150.8931133524,michelle2440,https://www.inaturalist.org/observations/313247923,565666510.jpg,565677591.jpg
264353495,Meadow Pipit,Anthus pratensis,images/Anthus_pratensis/264353495,2025-02-28 16:55:00,2,46.6095762927,6.0055981915,qginsecthunter,https://www.inaturalist.org/observations/264353495,474792724.jpg,474792716.jpg
294266283,Mexican Duck,Anas diazi,images/Anas_platyrhynchos_diazi/294266283,2025-06-30 18:54:00,2,32.2854458956,-109.9631111449,diomedea_exulans_li,https://www.inaturalist.org/observations/294266283,529654936.jpg,529654922.jpg
260190622,Mistle Thrush,Turdus viscivorus,images/Turdus_viscivorus/260190622,2025-01-31 12:20:00,2,42.4244981586,0.6465927748,manelor,https://www.inaturalist.org/observations/260190622,467212294.jpg,467211979.jpg
283251511,Montezuma Quail,Cyrtonyx montezumae,images/Cyrtonyx_montezumae/283251511,2025-05-22 10:15:44,2,31.896203,-109.163672,cotinis,https://www.inaturalist.org/observations/283251511,508968415.jpg,508943591.jpg
310644610,Mottled Owl,Strix virgata,images/Ciccaba_virgata/310644610,2025-08-30 18:55:00,3,15.739280394,-96.1475499771,blakesito,https://www.inaturalist.org/observations/310644610,560673941.jpg,560673992.jpg
264425375,Mountain Plover,Anarhynchus montanus,images/Charadrius_montanus/264425375,2025-01-25 10:46:02,8,38.9063866667,-121.8471216667,mackenzie_hollender,https://www.inaturalist.org/observations/264425375,474855843.jpg,474855797.jpg
256732660,Nazca Booby,Sula granti,images/Sula_granti/256732660,2024-12-29 11:27:00,2,13.162295,-89.725849,oliverkomar,https://www.inaturalist.org/observations/256732660,460377513.jpg,460377502.jpg
297150860,New Zealand Fantail,Rhipidura fuliginosa,images/Rhipidura_fuliginosa/297150860,2025-06-30 13:32:00,2,-38.6637305,176.0808111111,robirwin,https://www.inaturalist.org/observations/297150860,535128317.jpg,535128334.jpg
256951386,New Zealand Sacred Kingfisher,Todiramphus sanctus vagans,images/Todiramphus_sanctus/256951386,2024-12-31 23:00:31,2,-43.5820103354,172.7960046753,ella_peoples,https://www.inaturalist.org/observations/256951386,460826880.jpg,460826904.jpg
317673376,New Zealand Tūī,Prosthemadera novaeseelandiae novaeseelandiae,images/Prosthemadera_novaeseelandiae/317673376,2025-09-30 14:29:07,18,-36.9626388197,175.1971819337,scottdex,https://www.inaturalist.org/observations/317673376,574059190.jpg,574059290.jpg
317191402,North Island Fantail,Rhipidura fuliginosa placabilis,images/Rhipidura_fuliginosa_fuliginosa/317191402,2025-09-28 15:17:00,2,-36.9484312286,174.7575292292,charlotte_sutton1,https://www.inaturalist.org/observations/317191402,573142705.jpg,573142703.jpg
253588670,North Island Kākā,Nestor meridionalis septentrionalis,images/Nestor_meridionalis/253588670,2024-11-30 10:01:44,3,-41.2964083333,174.747605,mark_bartlett,https://www.inaturalist.org/observations/253588670,454092368.jpg,454092389.jpg
257195013,North Island Robin,Petroica longipes,images/Petroica_australis_longipes/257195013,2024-12-30 12:50:00,4,-38.0005189884,175.5758704886,lucas_knox,https://www.inaturalist.org/observations/257195013,461324232.jpg,461324248.jpg
277649618,North Island Saddleback,Philesturnus rufusater,images/Philesturnus_rufusater/277649618,2025-04-29 12:57:18,2,-36.6029694444,174.88745,svendhansen,https://www.inaturalist.org/observations/277649618,498544059.jpg,498544017.jpg
317734443,North Island Tomtit,Petroica macrocephala toitoi,images/Petroica_macrocephala_macrocephala/317734443,2025-09-30 18:04:36,5,-38.1732133333,176.2480783333,peever,https://www.inaturalist.org/observations/317734443,574175993.jpg,574175970.jpg
253593105,North Island Weka,Gallirallus australis greyi,images/Gallirallus_australis/253593105,2024-11-30 18:07:05,3,-35.2569372728,174.119170014,frazerdale,https://www.inaturalist.org/observations/253593105,454101977.jpg,454101929.jpg
284465498,Northern Beardless-Tyrannulet,Camptostoma imberbe,images/Camptostoma_imberbe/284465498,2025-03-24 21:17:00,15,17.5637814419,-99.3829204151,edgarsalmeronbarrera,https://www.inaturalist.org/observations/284465498,511078829.jpg,511078818.jpg
289397859,Northern Emerald-Toucanet,Aulacorhynchus prasinus,images/Aulacorhynchus_prasinus/289397859,2025-05-30 17:23:00,5,10.339315434,-84.9949194838,ianshelburne,https://www.inaturalist.org/observations/289397859,520513403.jpg,520513406.jpg
294151736,Northern Fulmar,Fulmarus glacialis,images/Fulmarus_glacialis/294151736,2025-06-30 17:01:10,3,48.0646340487,-4.7138110176,marcderval,https://www.inaturalist.org/observations/294151736,529432533.jpg,529432430.jpg
322618751,Northern Gannet,Morus bassanus,images/Sula_sula/322618751,2025-10-23 15:40:46,3,43.8885322497,-1.38013121,tito40550,https://www.inaturalist.org/observations/322618751,583658761.jpg,583658793.jpg
301621972,Northern Hawk Owl,Surnia ulula,images/Surnia_ulula/301621972,2025-07-27 21:37:22,2,64.2878928306,19.7072534636,carokaline,https://www.inaturalist.org/observations/301621972,543528654.jpg,543528606.jpg
253692132,Northern Keel-billed Toucan,Ramphastos sulfuratus sulfuratus,images/Ramphastos_sulfuratus/253692132,2024-11-30 18:52:38,2,18.7190075303,-96.6613537587,reyeschala,https://www.inaturalist.org/observations/253692132,454296399.jpg,454296389.jpg
291321218,Northern Potoo,Nyctibius jamaicensis,images/Nyctibius_jamaicensis/291321218,2025-05-29 20:19:16,3,18.0042972222,-76.7427,kathrynliz,https://www.inaturalist.org/observations/291321218,524145270.jpg,524145202.jpg
302731845,Northern Wheatear,Oenanthe oenanthe,images/Oenanthe_oenanthe/302731845,2025-07-31 18:12:00,2,56.5804156,-6.2781219,chinbrad,https://www.inaturalist.org/observations/302731845,545584539.jpg,545584557.jpg
261354090,Ocellated Turkey,Meleagris ocellata,images/Meleagris_ocellata/261354090,2025-01-31 17:34:00,2,17.2191410458,-89.6357602332,philippe-rabaute,https://www.inaturalist.org/observations/261354090,469519342.jpg,469519613.jpg
260922848,Olive Sparrow,Arremonops rufivirgatus,images/Arremonops_rufivirgatus/260922848,2025-01-26 16:07:00,2,26.4871731031,-98.8241430518,krechols13,https://www.inaturalist.org/observations/260922848,468661344.jpg,468661342.jpg
287374044,Olive-sided Flycatcher,Contopus cooperi,images/Contopus_cooperi/287374044,2025-05-31 19:13:33,2,46.1815388889,-113.3281305556,nyx6,https://www.inaturalist.org/observations/287374044,516712210.jpg,516712173.jpg
267936500,Olive-throated Parakeet,Eupsittula nana,images/Eupsittula_nana/267936500,2025-03-31 10:03:00,2,21.1655981929,-86.9722501007,tatianavelasco,https://www.inaturalist.org/observations/267936500,481557006.jpg,481557000.jpg
315908313,Orange-breasted Bunting,Passerina leclancherii,images/Passerina_leclancherii/315908313,2025-09-21 09:39:43,2,15.6863811025,-96.511945501,nattpez,https://www.inaturalist.org/observations/315908313,570724799.jpg,570724834.jpg
268676902,Orange-fronted Parakeet,Eupsittula canicularis,images/Eupsittula_canicularis/268676902,2025-03-31 17:52:40,2,23.9100607729,-106.6700154754,andylocapra,https://www.inaturalist.org/observations/268676902,482978426.jpg,482978446.jpg
276963458,Oriental Magpie-Robin,Copsychus saularis,images/Copsychus_saularis/276963458,2025-04-30 17:37:08,2,22.2167383333,113.544145,chloe_0108,https://www.inaturalist.org/observations/276963458,497331337.jpg,497331275.jpg
322666003,Pacific Black Duck,Anas superciliosa,images/Anas_superciliosa/322666003,2025-10-24 10:38:50,2,-37.7138527778,145.0562416667,aidanf15,https://www.inaturalist.org/observations/322666003,583753548.jpg,583753518.jpg
261385750,Pacific Black Duck × Mallard,Anas superciliosa × platyrhynchos,images/Anas_superciliosa_×_platyrhynchos/261385750,2024-12-31 22:34:00,2,-39.4576928692,173.8643381163,katiekushneryk,https://www.inaturalist.org/observations/261385750,469580150.jpg,469580147.jpg
322374181,Pacific Golden-Plover,Pluvialis fulva,images/Pluvialis_fulva/322374181,2025-10-22 17:08:00,2,-31.4240397222,152.8934055556,themaskedlapwing,https://www.inaturalist.org/observations/322374181,583173845.jpg,583173835.jpg
308613576,Pacific Reef Heron,Egretta sacra,images/Egretta_sacra/308613576,2025-06-30 23:07:00,8,-16.9160324783,145.7743483592,liam_pentangelo,https://www.inaturalist.org/observations/308613576,556514919.jpg,556514973.jpg
295267571,Painted Redstart,Myioborus pictus,images/Myioborus_pictus/295267571,2025-06-30 08:27:50,2,31.4461916667,-110.3098033333,liam_malloy,https://www.inaturalist.org/observations/295267571,531534412.jpg,531534375.jpg
286354196,Pale-billed Woodpecker,Campephilus guatemalensis,images/Campephilus_guatemalensis/286354196,2025-05-31 13:29:00,4,20.4761418798,-105.5465550485,la-bitacora-del-cuervito,https://www.inaturalist.org/observations/286354196,514783789.jpg,514785443.jpg
322300338,Palm Tanager,Thraupis palmarum,images/Thraupis_palmarum/322300338,2025-10-21 16:20:06,3,-8.9046713708,-36.4946112782,valentinoalan,https://www.inaturalist.org/observations/322300338,583021358.jpg,583021276.jpg
322354263,Paradise Shelduck,Tadorna variegata,images/Tadorna_variegata/322354263,2025-10-22 14:23:30,19,-36.8782896,174.858935,scottdex,https://www.inaturalist.org/observations/322354263,583133968.jpg,583134322.jpg
285622027,Parasitic Jaeger,Stercorarius parasiticus,images/Stercorarius_parasiticus/285622027,2025-05-31 13:18:00,2,30.5162416667,122.7037383333,naturalist74450,https://www.inaturalist.org/observations/285622027,513396477.jpg,513396488.jpg
255134010,Pectoral Sandpiper,Calidris melanotos,images/Calidris_melanotos/255134010,2024-11-30 18:28:03,2,-31.6751311784,-60.7539006695,luchila,https://www.inaturalist.org/observations/255134010,457152454.jpg,457152478.jpg
300838769,Philadelphia Vireo,Vireo philadelphicus,images/Vireo_philadelphicus/300838769,2025-04-30 14:24:00,3,13.9881426505,-86.9780831434,oliverkomar,https://www.inaturalist.org/observations/300838769,542042641.jpg,542042651.jpg
295443398,Pied Avocet,Recurvirostra avosetta,images/Recurvirostra_avosetta/295443398,2025-06-29 14:11:00,2,46.6777929616,30.7171946296,kateryna_kalashnik,https://www.inaturalist.org/observations/295443398,531863534.jpg,531863525.jpg
310415666,Pied Cormorant,Phalacrocorax varius,images/Phalacrocorax_varius/310415666,2025-08-31 17:07:43,2,-35.7398366667,137.6846116667,kslewis,https://www.inaturalist.org/observations/310415666,560245618.jpg,560245740.jpg
321806836,Pied Kingfisher,Ceryle rudis,images/Ceryle_rudis/321806836,2025-08-30 13:49:00,2,-0.7478149697,36.4214415045,tomheijnen,https://www.inaturalist.org/observations/321806836,582038144.jpg,582038137.jpg
260770508,Piping Plover,Charadrius melodus,images/Charadrius_melodus/260770508,2024-11-30 16:19:17,3,26.4628444858,-81.8331729418,monarchmuncher,https://www.inaturalist.org/observations/260770508,468358956.jpg,468358925.jpg
321973678,Plain Chachalaca,Ortalis vetula,images/Ortalis_vetula/321973678,2025-10-15 15:49:01,2,20.9208234562,-97.4474433437,fer_garcia,https://www.inaturalist.org/observations/321973678,582370346.jpg,582370314.jpg
288875063,Pomarine Jaeger,Stercorarius pomarinus,images/Stercorarius_pomarinus/288875063,2025-05-27 08:17:00,8,34.8882083333,-75.42677,stephen220,https://www.inaturalist.org/observations/288875063,519511471.jpg,519511467.jpg
261350015,Purple Gallinule,Porphyrio martinica,images/Porphyrio_martinicus/261350015,2025-01-31 13:02:00,2,16.9880063889,-89.6923180556,philippe-rabaute,https://www.inaturalist.org/observations/261350015,469512431.jpg,469512334.jpg
278971409,Rainbow Lorikeet,Trichoglossus moluccanus,images/Trichoglossus_haematodus/278971409,2025-03-31 17:50:00,5,-37.801013,145.186518,plaintiger,https://www.inaturalist.org/observations/278971409,500938629.jpg,500934017.jpg
302709804,Razorbill,Alca torda,images/Alca_torda/302709804,2025-07-31 12:07:03,3,53.4091204625,-6.0710481182,eliloftis,https://www.inaturalist.org/observations/302709804,545546014.jpg,545546028.jpg
260384453,Red Kite,Milvus milvus,images/Milvus_milvus/260384453,2025-01-31 17:29:00,3,38.6911071612,-7.3703109832,zefontes,https://www.inaturalist.org/observations/260384453,467596824.jpg,467596820.jpg
315979530,Red Warbler,Cardellina rubra,images/Cardellina_rubra/315979530,2025-09-22 11:29:00,2,19.33158,-99.307759,tendarapo,https://www.inaturalist.org/observations/315979530,570856624.jpg,570856614.jpg
259737266,Red-backed Shrike,Lanius collurio,images/Lanius_collurio/259737266,2024-11-30 07:38:35,3,-33.7436722222,26.4984055556,henrydelange,https://www.inaturalist.org/observations/259737266,466318508.jpg,466318499.jpg
321580677,Red-billed Gull,Chroicocephalus novaehollandiae scopulinus,images/Chroicocephalus_scopulinus/321580677,2025-08-30 18:19:00,6,-35.2806520139,174.0919783766,joknight_nz,https://www.inaturalist.org/observations/321580677,581582150.jpg,581581723.jpg
271100322,Red-billed Tropicbird,Phaethon aethereus,images/Phaethon_aethereus/271100322,2025-04-17 11:43:13,4,11.3011383333,-60.502175,ktnrgrs,https://www.inaturalist.org/observations/271100322,487615894.jpg,487615893.jpg
317877326,Red-crested Cardinal,Paroaria coronata,images/Paroaria_coronata/317877326,2025-09-30 13:12:20,2,20.686055,-156.4371633333,bhackett,https://www.inaturalist.org/observations/317877326,574444030.jpg,574443904.jpg
260123151,Red-crested Pochard,Netta rufina,images/Netta_rufina/260123151,2025-01-31 12:24:59,2,39.9162615106,116.3159079772,fangchen,https://www.inaturalist.org/observations/260123151,467077464.jpg,467077459.jpg
263237592,Red-crowned Amazon,Amazona viridigenalis,images/Amazona_viridigenalis/263237592,2025-02-26 17:17:00,2,34.1527943354,-118.0384375244,mchrqrd,https://www.inaturalist.org/observations/263237592,472868366.jpg,472868562.jpg
287568898,Red-legged Honeycreeper,Cyanerpes cyaneus,images/Cyanerpes_cyaneus/287568898,2025-03-31 13:19:00,2,10.4523803821,-84.1200198683,jadonald,https://www.inaturalist.org/observations/287568898,517062898.jpg,517063288.jpg
295379493,Red-legged Partridge,Alectoris rufa,images/Alectoris_rufa/295379493,2025-06-27 15:57:32,5,39.05564385,-9.3182737306,cmaf,https://www.inaturalist.org/observations/295379493,531763569.jpg,531763388.jpg
293851978,Red-legged Thrush,Turdus plumbeus,images/Turdus_plumbeus/293851978,2025-06-29 10:45:22,3,18.46827292,-66.84395936,aquinoe,https://www.inaturalist.org/observations/293851978,528868471.jpg,528868411.jpg
317556446,Red-lored Amazon,Amazona autumnalis,images/Amazona_autumnalis/317556446,2025-09-29 09:27:25,5,25.701489873,-100.3230777267,jesus6158,https://www.inaturalist.org/observations/317556446,573832836.jpg,573832865.jpg
258225359,Red-necked Phalarope,Phalaropus lobatus,images/Phalaropus_lobatus/258225359,2025-01-11 10:11:12,8,-34.0875469188,18.5164576024,wikus_burger,https://www.inaturalist.org/observations/258225359,463277041.jpg,463276965.jpg
268488275,Red-whiskered Bulbul,Pycnonotus jocosus,images/Pycnonotus_jocosus/268488275,2025-02-28 16:54:36,3,22.4158341694,114.2085972389,pandalin03,https://www.inaturalist.org/observations/268488275,482616202.jpg,482616183.jpg
317847481,Reed Bunting,Emberiza schoeniclus,images/Emberiza_schoeniclus/317847481,2025-09-30 16:54:00,4,56.2701217395,44.1454668239,mariyaushakova,https://www.inaturalist.org/observations/317847481,574384944.jpg,574384965.jpg
313699484,Rhinoceros Auklet,Cerorhinca monocerata,images/Cerorhinca_monocerata/313699484,2025-08-28 16:03:00,2,53.451966,-131.864421,taylor_justason,https://www.inaturalist.org/observations/313699484,566420133.jpg,566420137.jpg
284465753,Ridgway's Rail,Rallus obsoletus,images/Rallus_obsoletus/284465753,2025-05-26 15:27:16,11,37.7470015263,-122.2169810906,snoozehawk,https://www.inaturalist.org/observations/284465753,511238534.jpg,511238400.jpg
302769200,Ringed Kingfisher,Megaceryle torquata,images/Megaceryle_torquata/302769200,2025-07-29 19:09:00,2,-39.9537863429,-71.0655378812,vgsaladiaz,https://www.inaturalist.org/observations/302769200,545659382.jpg,545659325.jpg
259862927,Rio Grande Wild Turkey,Meleagris gallopavo intermedia,images/Meleagris_gallopavo_intermedia/259862927,2025-01-27 11:40:00,2,45.940362436,-117.449766633,fishaspey,https://www.inaturalist.org/observations/259862927,466564704.jpg,466564700.jpg
286166710,Rock Wren,Salpinctes obsoletus,images/Salpinctes_obsoletus/286166710,2025-05-31 16:30:00,2,21.136725,-101.5989916667,luis-eduardo,https://www.inaturalist.org/observations/286166710,514430315.jpg,514427674.jpg
258046166,Rose-throated Becard,Pachyramphus aglaiae,images/Pachyramphus_aglaiae/258046166,2024-12-29 17:28:00,2,21.4819039341,-87.6930427369,lloyathic,https://www.inaturalist.org/observations/258046166,462919870.jpg,462928880.jpg
293967267,Royal Spoonbill,Platalea regia,images/Platalea_regia/293967267,2025-06-30 14:31:00,4,-33.6937335,151.2931743,misimaburns,https://www.inaturalist.org/observations/293967267,529088760.jpg,529088345.jpg
260339620,Rufous-backed Robin,Turdus rufopalliatus,images/Turdus_rufopalliatus/260339620,2025-01-31 17:31:00,2,20.6501811,-105.2408207,sydcannings,https://www.inaturalist.org/observations/260339620,467511784.jpg,467511800.jpg
317133277,Rufous-capped Warbler,Basileuterus rufifrons,images/Basileuterus_rufifrons/317133277,2025-09-27 07:52:43,2,25.4270587078,-100.1894783601,diegopino94,https://www.inaturalist.org/observations/317133277,573028196.jpg,573028239.jpg
322625168,Rufous-collared Sparrow,Zonotrichia capensis,images/Zonotrichia_capensis/322625168,2025-10-23 15:46:03,6,-24.7266077927,-65.4088043422,caleb2410,https://www.inaturalist.org/observations/322625168,583671332.jpg,583671460.jpg
294734399,Rufous-tailed Hummingbird,Amazilia tzacatl,images/Amazilia_tzacatl/294734399,2025-06-30 11:42:00,4,10.3832396171,-84.6186780497,galois,https://www.inaturalist.org/observations/294734399,530526972.jpg,530527045.jpg
266213126,Rufous-tailed Jacamar,Galbula ruficauda,images/Galbula_ruficauda/266213126,2025-01-29 19:16:00,2,10.158426147,-83.7837039818,davidmoehnle,https://www.inaturalist.org/observations/266213126,478288598.jpg,478288447.jpg
284591608,Russet-crowned Motmot,Momotus mexicanus,images/Momotus_mexicanus/284591608,2025-05-25 18:12:41,13,15.7684409722,-96.1500949722,ximetlacuache,https://www.inaturalist.org/observations/284591608,511475433.jpg,511476877.jpg
292527966,Russet-naped Wren,Campylorhynchus humilis,images/Campylorhynchus_rufinucha/292527966,2025-06-21 09:26:00,5,15.7787570953,-96.1966589085,laratamutante,https://www.inaturalist.org/observations/292527966,526418044.jpg,526417988.jpg
256570660,Sabine's Gull,Xema sabini,images/Xema_sabini/256570660,2024-12-21 14:42:00,2,26.5695341,-97.4296854,frankmargaret,https://www.inaturalist.org/observations/256570660,460051905.jpg,460051441.jpg
259835281,Saddle-billed Stork,Ephippiorhynchus senegalensis,images/Ephippiorhynchus_senegalensis/259835281,2025-01-27 14:57:00,2,-19.8410578618,20.4855128164,kelseyprediger,https://www.inaturalist.org/observations/259835281,466513092.jpg,466513075.jpg
311343348,Saffron Finch,Sicalis flaveola,images/Sicalis_flaveola/311343348,2025-08-31 16:01:16,4,-2.1779166667,-79.876105,bisonlover1604,https://www.inaturalist.org/observations/311343348,562023968.jpg,562023912.jpg
283480351,Sage Thrasher,Oreoscoptes montanus,images/Oreoscoptes_montanus/283480351,2025-03-30 07:30:00,4,37.0617616532,-102.5157061898,liam_pentangelo,https://www.inaturalist.org/observations/283480351,509346940.jpg,509347083.jpg
263429868,Scarlet-rumped Tanager,Ramphocelus passerinii,images/Ramphocelus_passerinii/263429868,2025-02-28 17:20:37,3,10.4311616667,-84.0033722167,cmbeers,https://www.inaturalist.org/observations/263429868,473245217.jpg,473245203.jpg
253326073,Scott's Oriole,Icterus parisorum,images/Icterus_parisorum/253326073,2024-11-27 07:38:00,5,32.7363839491,-117.1489331099,rastor,https://www.inaturalist.org/observations/253326073,453566512.jpg,453566523.jpg
318128568,Scrub Blackbird,Dives warczewiczi,images/Dives_dives/318128568,2025-09-30 15:40:00,2,-12.0714778333,-77.0813,juandi123,https://www.inaturalist.org/observations/318128568,574928439.jpg,574928419.jpg
286790945,Seaside Sparrow,Ammospiza maritima,images/Ammodramus_maritimus/286790945,2025-05-26 20:00:00,5,29.4782878,-94.5799145,sheilabean,https://www.inaturalist.org/observations/286790945,515620205.jpg,515619523.jpg
302588012,Secretarybird,Sagittarius serpentarius,images/Sagittarius_serpentarius/302588012,2025-07-31 12:52:10,4,-19.2111005349,16.1137371298,shenzitheexplorer,https://www.inaturalist.org/observations/302588012,545337348.jpg,545336872.jpg
322659906,Short-eared Owl,Asio flammeus,images/Asio_flammeus/322659906,2025-10-20 20:44:00,2,4.7018766891,-74.3017583804,cordycesps,https://www.inaturalist.org/observations/322659906,583739807.jpg,583742943.jpg
302927099,Short-tailed Hawk,Buteo brachyurus,images/Buteo_brachyurus/302927099,2025-07-30 10:18:00,4,14.3416790784,-89.1023462887,gonline,https://www.inaturalist.org/observations/302927099,545945923.jpg,545946012.jpg
277277572,Short-toed Snake-Eagle,Circaetus gallicus,images/Circaetus_gallicus/277277572,2025-04-29 12:49:00,9,43.7934598562,6.9612708626,mercantour,https://www.inaturalist.org/observations/277277572,497884627.jpg,497884654.jpg
264721845,Silver Gull,Chroicocephalus novaehollandiae,images/Chroicocephalus_novaehollandiae/264721845,2024-12-31 18:06:00,2,-21.021968709,149.159349885,naturenicki,https://www.inaturalist.org/observations/264721845,475377366.jpg,475377358.jpg
322377452,Silvereye,Zosterops lateralis,images/Zosterops_lateralis/322377452,2025-10-22 18:24:00,3,-32.8439868622,151.6973664117,smallmansmallhands,https://www.inaturalist.org/observations/322377452,583181968.jpg,583181138.jpg
259762741,Slate-throated Redstart,Myioborus miniatus,images/Myioborus_miniatus/259762741,2025-01-27 07:52:54,2,18.96071045,-98.7484739,israel_garcia_medina,https://www.inaturalist.org/observations/259762741,466370266.jpg,466370258.jpg
258132818,Smooth-billed Ani,Crotophaga ani,images/Crotophaga_ani/258132818,2024-11-30 12:22:33,3,11.2282779218,-74.1761178151,manuel_p,https://www.inaturalist.org/observations/258132818,463083906.jpg,463083888.jpg
260443562,Snail Kite,Rostrhamus sociabilis,images/Rostrhamus_sociabilis/260443562,2025-01-31 19:06:00,2,-35.08067,-59.88967,nicobacacastex,https://www.inaturalist.org/observations/260443562,467715612.jpg,467715770.jpg
322163595,Snowy Plover,Anarhynchus nivosus,images/Charadrius_nivosus/322163595,2025-10-20 11:21:00,3,38.1196611111,-122.9581305556,lunchhiker,https://www.inaturalist.org/observations/322163595,582749767.jpg,582749779.jpg
277047510,Social Flycatcher,Myiozetetes similis,images/Myiozetetes_similis/277047510,2025-04-29 15:44:00,2,21.1581333333,-88.1726222222,chris-cas,https://www.inaturalist.org/observations/277047510,497477838.jpg,497478568.jpg
277540600,Song Thrush,Turdus philomelos,images/Turdus_philomelos/277540600,2025-02-28 17:13:00,18,49.4887768656,0.8788052021,mandando,https://www.inaturalist.org/observations/277540600,498342402.jpg,498342279.jpg
322153848,Sooty Grouse,Dendragapus fuliginosus,images/Dendragapus_fuliginosus/322153848,2025-09-30 13:39:00,3,46.7705021311,-121.7279180088,bonniecarson,https://www.inaturalist.org/observations/322153848,582725910.jpg,582726029.jpg
285479275,Sooty Tern,Onychoprion fuscatus,images/Onychoprion_fuscatus/285479275,2025-05-29 11:19:00,2,26.5654145186,-97.4001016048,tim_forrester,https://www.inaturalist.org/observations/285479275,513136265.jpg,513134294.jpg
275389163,South Island Pied Oystercatcher,Haematopus finschi,images/Haematopus_finschi/275389163,2025-04-26 17:16:00,2,-46.3784681173,169.7830506042,zachary_d,https://www.inaturalist.org/observations/275389163,494878113.jpg,494878134.jpg
256017916,South Island Takahē,Porphyrio hochstetteri,images/Porphyrio_hochstetteri/256017916,2024-12-24 08:35:20,2,-44.8153333333,168.1365195,debbie81,https://www.inaturalist.org/observations/256017916,458923102.jpg,458923084.jpg
285576246,Southern Ground Hornbill,Bucorvus leadbeateri,images/Bucorvus_leadbeateri/285576246,2025-05-31 08:05:11,5,-19.2411514873,23.9021633013,sjc232,https://www.inaturalist.org/observations/285576246,513318354.jpg,513318573.jpg
316952195,Southern Hadada Ibis,Bostrychia hagedash hagedash,images/Bostrychia_hagedash/316952195,2025-08-30 16:33:00,3,-25.7762752,28.1757609,joel_melia,https://www.inaturalist.org/observations/316952195,572668216.jpg,572668227.jpg
317932738,Southern Kori Bustard,Ardeotis kori kori,images/Ardeotis_kori/317932738,2025-08-31 12:16:19,2,-19.2315560404,15.8839878413,vdecauwer,https://www.inaturalist.org/observations/317932738,574554731.jpg,574554742.jpg
322576547,Southern Lapwing,Vanellus chilensis,images/Vanellus_chilensis/322576547,2025-10-23 10:38:00,2,-25.5319366667,-49.1166195,oceanorafa,https://www.inaturalist.org/observations/322576547,583577187.jpg,583577156.jpg
286228174,Spotted Dove,Spilopelia chinensis,images/Streptopelia_chinensis/286228174,2025-05-31 18:31:00,9,31.2070587853,121.5586348056,haji-human,https://www.inaturalist.org/observations/286228174,514549473.jpg,514549487.jpg
320656069,Spotted Flycatcher,Muscicapa striata,images/Muscicapa_striata/320656069,2025-09-30 16:40:00,8,39.4094916112,-9.2670672092,ellyne,https://www.inaturalist.org/observations/320656069,579783727.jpg,579783746.jpg
258661654,Spur-winged Lapwing,Vanellus spinosus,images/Vanellus_spinosus/258661654,2024-11-29 15:32:42,2,25.6577803905,32.6174000278,padelatarte,https://www.inaturalist.org/observations/258661654,464138884.jpg,464138917.jpg
277739970,Squacco Heron,Ardeola ralloides,images/Ardeola_ralloides/277739970,2025-04-30 18:29:00,3,41.0219458161,13.9333067285,selvatika_hiketrek,https://www.inaturalist.org/observations/277739970,498697392.jpg,498697386.jpg
277559625,Squirrel Cuckoo,Piaya cayana,images/Piaya_cayana/277559625,2025-04-30 15:59:00,2,-25.7165363102,-54.4382808807,facundo13,https://www.inaturalist.org/observations/277559625,498381791.jpg,498381157.jpg
308362426,Stitchbird,Notiomystis cincta,images/Notiomystis_cincta/308362426,2025-08-22 12:38:00,2,-39.4538432974,174.4112589215,jkerrisk13,https://www.inaturalist.org/observations/308362426,556322949.jpg,556322960.jpg
316085366,Streak-backed Oriole,Icterus pustulatus,images/Icterus_pustulatus/316085366,2025-09-22 10:22:00,2,16.8655668324,-99.8495689525,aleskander,https://www.inaturalist.org/observations/316085366,571048142.jpg,571048090.jpg
308601609,Stripe-headed Sparrow,Peucaea ruficauda,images/Peucaea_ruficauda/308601609,2025-08-23 09:33:21,3,20.5650194627,-103.697062768,aledieguez27,https://www.inaturalist.org/observations/308601609,556773693.jpg,556773569.jpg
294170905,Striped Sparrow,Oriturus superciliosus,images/Oriturus_superciliosus/294170905,2025-06-30 15:46:41,4,19.2456814194,-99.5856432889,fernandopozos,https://www.inaturalist.org/observations/294170905,529469752.jpg,529469650.jpg
281197834,Sulphur-bellied Flycatcher,Myiodynastes luteiventris,images/Myiodynastes_luteiventris/281197834,2025-04-30 21:24:00,3,25.7734965227,-100.2179423339,wild_adventures,https://www.inaturalist.org/observations/281197834,505115489.jpg,505115490.jpg
263339678,Sulphur-crested Cockatoo,Cacatua galerita,images/Cacatua_galerita/263339678,2025-02-28 12:56:27,4,-33.7300948997,151.0761575997,pratyeka,https://www.inaturalist.org/observations/263339678,473067334.jpg,473067318.jpg
302774071,Superb Fairywren,Malurus cyaneus,images/Malurus_cyaneus/302774071,2025-07-31 22:33:04,4,-33.3262833333,149.0918278333,stringybark_creek,https://www.inaturalist.org/observations/302774071,545672278.jpg,545672269.jpg
253588804,Swamp Harrier,Circus approximans,images/Circus_approximans/253588804,2024-11-30 07:46:46,3,-31.7338846283,115.7877780497,tinship,https://www.inaturalist.org/observations/253588804,454092726.jpg,454092707.jpg
285960678,Tennessee Warbler,Leiothlypis peregrina,images/Oreothlypis_peregrina/285960678,2025-05-31 19:45:51,3,48.4219633066,-88.7837538262,uwland_lee,https://www.inaturalist.org/observations/285960678,514035196.jpg,514035317.jpg
260258571,Thick-billed Kingbird,Tyrannus crassirostris,images/Tyrannus_crassirostris/260258571,2025-01-31 17:48:27,3,20.7647585132,-103.4164272621,orlando_rubio,https://www.inaturalist.org/observations/260258571,467350798.jpg,467350815.jpg
276776543,Tricolored Blackbird,Agelaius tricolor,images/Agelaius_tricolor/276776543,2025-04-28 17:31:23,4,33.3402633333,-116.9008783333,kyle5mellon,https://www.inaturalist.org/observations/276776543,497005437.jpg,497005455.jpg
285726320,Tropical Mockingbird,Mimus gilvus,images/Mimus_gilvus/285726320,2025-05-31 14:37:17,2,20.8445416667,-86.877695,arturoh-v,https://www.inaturalist.org/observations/285726320,513587034.jpg,513586939.jpg
5228548,Tufted Puffin,Fratercula cirrhata,images/Fratercula_cirrhata/5228548,2017-03-04 14:12:10,3,36.8716103178,-122.0194293009,jmaughn,https://www.inaturalist.org/observations/5228548,6462374.jpg,6465043.jpg
277141691,Turquoise-browed Motmot,Eumomota superciliosa,images/Eumomota_superciliosa/277141691,2025-04-30 08:20:41,2,20.5866017868,-87.1284800023,viveroforestal23,https://www.inaturalist.org/observations/277141691,497647904.jpg,497648013.jpg
310759205,Upland Sandpiper,Bartramia longicauda,images/Bartramia_longicauda/310759205,2025-08-31 15:43:18,5,30.6780466667,-96.5312416667,larixlaricina,https://www.inaturalist.org/observations/310759205,560899506.jpg,560899430.jpg
318288571,Varied Bunting,Passerina versicolor,images/Passerina_versicolor/318288571,2025-10-02 08:25:00,3,31.606020333,-111.0398950608,blisowsky,https://www.inaturalist.org/observations/318288571,575228460.jpg,575228484.jpg
278065709,Violet Sabrewing,Campylopterus hemileucurus,images/Campylopterus_hemileucurus/278065709,2025-04-29 13:26:00,3,10.3022231429,-84.7961561009,npizzuti,https://www.inaturalist.org/observations/278065709,499284994.jpg,499285092.jpg
263493769,Virginia Rail,Rallus limicola,images/Rallus_limicola/263493769,2025-02-23 19:46:11,3,41.7056691923,-111.8715845793,cullen75604,https://www.inaturalist.org/observations/263493769,473372061.jpg,473372019.jpg
312840707,Wandering Tattler,Tringa incana,images/Tringa_incana/312840707,2025-08-31 18:36:48,2,36.6225366667,-121.941475,yaesh,https://www.inaturalist.org/observations/312840707,564883859.jpg,564883892.jpg
322630597,Wattled Jacana,Jacana jacana,images/Jacana_jacana/322630597,2025-10-23 09:00:00,3,-22.9041286114,-47.0203019287,nelson_wisnik,https://www.inaturalist.org/observations/322630597,583681293.jpg,583681717.jpg
257156935,West Mexican Chachalaca,Ortalis poliocephala,images/Ortalis_poliocephala/257156935,2024-12-30 09:03:55,3,19.1225817433,-104.3785731867,robertocruzmendoza,https://www.inaturalist.org/observations/257156935,461249130.jpg,461249100.jpg
260199965,Western Marsh Harrier,Circus aeruginosus,images/Circus_aeruginosus/260199965,2025-01-31 19:09:00,5,40.317282518,-3.800357824,zetherino,https://www.inaturalist.org/observations/260199965,467230090.jpg,467230046.jpg
256983438,Western Purple Heron,Ardea purpurea purpurea,images/Ardea_purpurea/256983438,2024-12-30 10:23:28,2,-25.3663199008,30.1856994473,congonaturalist,https://www.inaturalist.org/observations/256983438,460895056.jpg,460895064.jpg
260905316,Western Reef Heron,Egretta gularis,images/Egretta_gularis/260905316,2025-01-31 16:52:00,3,20.7348716667,70.9626683333,birderbaba,https://www.inaturalist.org/observations/260905316,468621872.jpg,468621868.jpg
322023757,Western Yellow Wagtail,Motacilla flava,images/Motacilla_flava/322023757,2025-10-19 17:01:00,2,28.9320216195,-13.6530407756,dennisthediver,https://www.inaturalist.org/observations/322023757,582471814.jpg,582471794.jpg
286228660,Whinchat,Saxicola rubetra,images/Saxicola_rubetra/286228660,2025-05-31 19:52:00,2,60.3286966099,30.50694569,eseyf,https://www.inaturalist.org/observations/286228660,514550498.jpg,514550391.jpg
271225452,White Tern,Gygis alba,images/Gygis_alba/271225452,2025-03-30 14:27:00,3,10.875813,150.213852,paultavares,https://www.inaturalist.org/observations/271225452,487856273.jpg,487856275.jpg
294113899,White Wagtail,Motacilla alba,images/Motacilla_alba/294113899,2025-06-30 20:00:26,3,54.783055,8.2896883333,cogbug-tamari,https://www.inaturalist.org/observations/294113899,529360001.jpg,529360002.jpg
310431367,White-bellied Sea-Eagle,Icthyophaga leucogaster,images/Haliaeetus_leucogaster/310431367,2025-08-31 16:07:04,8,-33.73873,151.3135833333,mbfoyard,https://www.inaturalist.org/observations/310431367,560273368.jpg,560586722.jpg
256866049,White-breasted Waterhen,Amaurornis phoenicurus,images/Amaurornis_phoenicurus/256866049,2024-12-31 11:32:08,2,25.029658408,121.5362863988,wilhelmtan,https://www.inaturalist.org/observations/256866049,460647427.jpg,460647406.jpg
317690370,White-faced Heron,Egretta novaehollandiae,images/Egretta_novaehollandiae/317690370,2025-09-30 16:20:45,3,-40.9921583333,173.0074166667,jlschulz,https://www.inaturalist.org/observations/317690370,574092523.jpg,574092521.jpg
256871176,White-faced Whistling-Duck,Dendrocygna viduata,images/Dendrocygna_viduata/256871176,2024-12-31 09:07:59,2,-29.5453756452,30.2580760307,janet_taylor,https://www.inaturalist.org/observations/256871176,460657251.jpg,460657259.jpg
322354991,White-fronted Amazon,Amazona albifrons,images/Amazona_albifrons/322354991,2025-10-19 18:15:00,4,27.4955843059,-109.9530971777,fcoeliasglez,https://www.inaturalist.org/observations/322354991,583135855.jpg,583135858.jpg
322138886,White-fronted Tern,Sterna striata,images/Sterna_striata/322138886,2025-08-31 11:34:00,8,-35.2795688113,174.0908682276,joknight_nz,https://www.inaturalist.org/observations/322138886,582465842.jpg,582465493.jpg
320408980,White-headed Woodpecker,Dryobates albolarvatus,images/Picoides_albolarvatus/320408980,2025-08-31 11:15:00,4,36.6068661023,-118.7262942975,wendybirds,https://www.inaturalist.org/observations/320408980,579303641.jpg,579303634.jpg
303467394,White-rumped Sandpiper,Calidris fuscicollis,images/Calidris_fuscicollis/303467394,2025-01-28 07:49:00,3,-53.3037672,-70.4337916,patrick_aube,https://www.inaturalist.org/observations/303467394,546969906.jpg,557613789.jpg
269078022,White-rumped Shama,Copsychus malabaricus,images/Copsychus_malabaricus/269078022,2025-02-28 07:25:00,6,4.042188055,114.812954445,camerondeckert,https://www.inaturalist.org/observations/269078022,483755057.jpg,483755082.jpg
317917435,White-spotted Slimy Salamander,Plethodon cylindraceus,images/Limosa_limosa/317917435,2025-09-30 16:32:20,2,38.227945,-78.722595,sphude,https://www.inaturalist.org/observations/317917435,574524490.jpg,574524473.jpg
322439029,White-tailed Hawk,Geranoaetus albicaudatus,images/Geranoaetus_albicaudatus/322439029,2025-10-21 17:11:38,4,20.1676475,-100.7337093997,moonbonifacia,https://www.inaturalist.org/observations/322439029,583302611.jpg,583302643.jpg
267735319,White-throated Magpie-Jay,Cyanocorax formosus,images/Calocitta_formosa/267735319,2025-03-30 10:40:45,3,11.9198643003,-86.0567829134,klcabiro,https://www.inaturalist.org/observations/267735319,481180543.jpg,481179920.jpg
263451062,White-tipped Dove,Leptotila verreauxi,images/Leptotila_verreauxi/263451062,2025-02-28 11:12:30,2,11.0020219285,-74.2238866165,david_sannier_vireon,https://www.inaturalist.org/observations/263451062,473287843.jpg,473287862.jpg
317887976,Williamson's Sapsucker,Sphyrapicus thyroideus,images/Sphyrapicus_thyroideus/317887976,2025-09-29 17:30:00,3,32.2802883519,-111.0268234041,andrewcore,https://www.inaturalist.org/observations/317887976,574465055.jpg,574465037.jpg
310655165,Wilson's Plover,Anarhynchus wilsonia,images/Charadrius_wilsonia/310655165,2025-08-30 12:47:00,2,29.7712302778,-93.30163,brandonjjohnson,https://www.inaturalist.org/observations/310655165,560696618.jpg,560695790.jpg
256201649,Wilson's Storm-Petrel,Oceanites oceanicus,images/Oceanites_oceanicus/256201649,2024-12-25 09:57:30,2,-63.343795,-60.793205,ingvildriska,https://www.inaturalist.org/observations/256201649,459294405.jpg,459294396.jpg
253610354,Wood Sandpiper,Tringa glareola,images/Tringa_glareola/253610354,2024-11-30 14:54:29,2,6.6607529504,100.0802353397,ronnaphon_11,https://www.inaturalist.org/observations/253610354,454138694.jpg,454138711.jpg
285459230,Worm-eating Warbler,Helmitheros vermivorum,images/Helmitheros_vermivorum/285459230,2025-05-30 11:40:31,5,37.0506333333,-87.6454866667,arthroposse,https://www.inaturalist.org/observations/285459230,513097777.jpg,513097778.jpg
311015438,Yellow-billed Chough,Pyrrhocorax graculus,images/Pyrrhocorax_graculus/311015438,2025-08-31 13:37:33,2,47.439030384,11.0511259362,kkat,https://www.inaturalist.org/observations/311015438,561393667.jpg,561393720.jpg
294521008,Yellow-eyed Junco,Junco phaeonotus,images/Junco_phaeonotus/294521008,2025-06-30 13:36:09,3,32.4476133333,-110.7670283333,jewelwing66,https://www.inaturalist.org/observations/294521008,530131159.jpg,530131110.jpg
306213988,Yellow-eyed Penguin,Megadyptes antipodes,images/Megadyptes_antipodes/306213988,2025-07-27 07:55:00,4,-45.895868,170.640612,shou_1221,https://www.inaturalist.org/observations/306213988,552194183.jpg,552195826.jpg
302757630,Yellow-footed Gull,Larus livens,images/Larus_livens/302757630,2025-07-31 11:53:29,4,23.5611866667,-109.4825666667,nolanbirdie,https://www.inaturalist.org/observations/302757630,545639844.jpg,545639879.jpg
254750646,Yellow-fronted Canary,Crithagra mozambica,images/Serinus_mozambicus/254750646,2024-11-30 11:16:00,4,-16.9671283056,26.4361266389,claremateke,https://www.inaturalist.org/observations/254750646,456366747.jpg,456366724.jpg
253893095,Yellow-headed Amazon,Amazona oratrix,images/Amazona_oratrix/253893095,2024-11-30 10:37:43,2,20.5946982796,-103.5317259182,mancilla16,https://www.inaturalist.org/observations/253893095,454700011.jpg,454670775.jpg
310300907,Yellow-headed Caracara,Daptrius chimachima,images/Milvago_chimachima/310300907,2025-01-31 13:20:00,4,9.7785694444,-84.6246527778,anabeth091,https://www.inaturalist.org/observations/310300907,560019774.jpg,560018813.jpg
305425906,Yellow-shafted × Red-shafted Flicker,Colaptes auratus luteus × cafer,images/Colaptes_auratus_cafer/305425906,2025-07-31 14:10:00,3,51.0295740376,-115.2476928143,danielnepo,https://www.inaturalist.org/observations/305425906,550691107.jpg,550691350.jpg
264814883,Yellow-throated Toucan,Ramphastos ambiguus,images/Ramphastos_ambiguus/264814883,2025-02-28 18:05:56,6,-0.0976213492,-78.7048589573,karprusil,https://www.inaturalist.org/observations/264814883,475561608.jpg,475561533.jpg
289184717,Yellow-winged Cacique,Cassiculus melanicterus,images/Cassiculus_melanicterus/289184717,2025-02-23 14:34:00,3,20.4667077692,-105.2925124637,rune_project,https://www.inaturalist.org/observations/289184717,520112844.jpg,520112748.jpg
263362395,Zebra Dove,Geopelia striata,images/Geopelia_striata/263362395,2025-02-28 16:26:09,2,13.773775,100.4699333333,naphat007,https://www.inaturalist.org/observations/263362395,473114466.jpg,473114481.jpg
267918312,Zenaida Dove,Zenaida aurita,images/Zenaida_aurita/267918312,2025-03-30 16:57:13,2,13.0603166667,-59.5392633333,jennie25446,https://www.inaturalist.org/observations/267918312,481526491.jpg,481526543.jpg
